,cap-shape,cap-surface,cap-color,bruises,odor,gill-attachment,gill-spacing,gill-size,gill-color,stalk-shape,stalk-root,stalk-surface-above-ring,stalk-surface-below-ring,stalk-color-above-ring,stalk-color-below-ring,veil-type,veil-color,ring-number,ring-type,spore-print-color,population,habitat,Kết quả
0,3,3,0,1,4,1,0,1,2,1,0,2,3,5,5,0,2,1,0,7,4,6,1
1,4,2,7,1,8,1,0,1,2,1,0,3,3,5,5,0,2,1,0,7,4,6,1
2,3,2,7,1,4,1,0,1,2,1,0,3,2,7,7,0,2,1,0,7,4,6,1
3,3,3,7,1,4,1,0,1,2,1,0,2,2,7,5,0,2,1,0,7,4,6,1
4,3,2,7,1,3,1,0,1,2,1,0,3,3,7,5,0,2,1,0,7,4,6,1
5,3,2,0,1,8,1,0,1,2,1,0,2,3,7,5,0,2,1,0,7,4,1,1
6,3,2,7,1,4,1,0,1,2,1,0,3,3,5,5,0,2,1,0,7,4,3,1
7,3,3,0,1,8,1,0,1,2,1,0,3,2,5,5,0,2,1,0,7,4,3,1
8,2,2,7,1,3,1,0,1,2,1,0,3,3,7,7,0,2,1,0,7,4,6,1
9,2,0,8,1,6,1,1,0,7,0,0,2,3,7,7,0,2,2,4,7,2,0,0
10,2,3,7,1,8,1,0,1,2,1,0,2,3,7,7,0,2,1,0,7,4,6,1
11,2,3,7,1,4,1,0,1,2,1,0,3,3,5,7,0,2,1,0,7,4,1,1
12,3,2,0,1,3,1,0,1,2,1,0,2,2,5,7,0,2,1,0,7,4,1,1
13,2,3,7,1,3,1,0,1,2,1,0,3,3,5,5,0,2,1,0,7,4,6,1
14,2,3,0,1,3,1,0,1,2,1,0,3,2,7,7,0,2,1,0,7,4,6,1
15,2,3,0,1,4,1,0,1,2,1,0,2,3,7,7,0,2,1,0,7,4,3,1
16,2,3,0,1,3,1,0,1,2,1,0,2,2,7,7,0,2,1,0,7,4,1,1
17,2,0,3,1,6,1,1,0,7,0,0,3,2,7,7,0,2,2,4,7,2,0,0
18,3,2,7,1,4,1,0,1,2,1,0,2,3,7,5,0,2,1,0,7,4,1,1
19,3,2,7,1,4,1,0,1,2,1,0,3,2,7,5,0,2,1,0,7,4,1,1
20,2,2,7,1,3,1,0,1,2,1,0,3,3,7,7,0,2,1,0,7,4,3,1
21,2,3,0,1,3,1,0,1,2,1,0,2,2,5,7,0,2,1,0,7,4,3,1
22,4,3,7,1,3,1,0,1,2,1,0,2,3,5,5,0,2,1,0,7,4,3,1
23,4,2,7,1,4,1,0,1,2,1,0,2,3,7,7,0,2,1,0,7,4,6,1
24,3,2,7,1,8,1,0,1,2,1,0,2,2,5,5,0,2,1,0,7,4,6,1
25,2,3,0,1,4,1,0,1,2,1,0,2,2,7,7,0,2,1,0,7,4,1,1
26,3,3,0,1,8,1,0,1,2,1,0,2,3,7,7,0,2,1,0,7,4,1,1
27,2,3,7,1,8,1,0,1,2,1,0,2,3,7,7,0,2,1,0,7,4,3,1
28,3,2,0,1,3,1,0,1,2,1,0,2,2,7,7,0,2,1,0,7,4,6,1
29,2,3,0,1,8,1,0,1,2,1,0,2,3,7,7,0,2,1,0,7,4,3,1
30,4,0,8,1,6,1,1,0,7,0,0,3,2,7,7,0,2,2,4,7,2,0,0
31,4,2,0,1,4,1,0,1,2,1,0,3,2,5,7,0,2,1,0,7,4,6,1
32,3,3,7,1,4,1,0,1,2,1,0,3,2,5,7,0,2,1,0,7,4,6,1
33,2,2,7,1,4,1,0,1,2,1,0,2,3,5,5,0,2,1,0,7,4,6,1
34,2,3,0,1,8,1,0,1,2,1,0,3,3,5,5,0,2,1,0,7,4,1,1
35,2,3,0,1,3,1,0,1,2,1,0,3,3,7,5,0,2,1,0,7,4,6,1
36,3,2,7,1,3,1,0,1,2,1,0,2,3,7,5,0,2,1,0,7,4,1,1
37,3,2,0,1,8,1,0,1,2,1,0,3,3,7,5,0,2,1,0,7,4,1,1
38,2,2,7,1,3,1,0,1,2,1,0,3,3,7,7,0,2,1,0,7,4,1,1
39,3,3,7,1,3,1,0,1,2,1,0,3,2,5,5,0,2,1,0,7,4,3,1
40,2,3,7,1,8,1,0,1,2,1,0,3,2,5,7,0,2,1,0,7,4,6,1
41,2,3,0,1,8,1,0,1,2,1,0,2,3,5,7,0,2,1,0,7,4,3,1
42,3,2,0,1,4,1,0,1,2,1,0,2,2,7,5,0,2,1,0,7,4,1,1
43,3,2,7,1,8,1,0,1,2,1,0,3,2,7,5,0,2,1,0,7,4,1,1
44,3,2,0,1,8,1,0,1,2,1,0,2,3,7,7,0,2,1,0,7,4,1,1
45,3,2,0,1,4,1,0,1,2,1,0,3,3,7,7,0,2,1,0,7,4,6,1
46,3,3,0,1,3,1,0,1,2,1,0,3,2,5,5,0,2,1,0,7,4,3,1
47,3,2,7,1,4,1,0,1,2,1,0,2,3,5,7,0,2,1,0,7,4,3,1
48,3,2,7,1,8,1,0,1,2,1,0,2,3,7,5,0,2,1,0,7,4,1,1
49,2,2,7,1,8,1,0,1,2,1,0,2,3,7,5,0,2,1,0,7,4,3,1
50,4,3,7,1,4,1,0,1,2,1,0,3,2,5,5,0,2,1,0,7,4,3,1
51,3,2,7,1,8,1,0,1,2,1,0,3,3,5,7,0,2,1,0,7,4,3,1
52,3,2,0,1,3,1,0,1,2,1,0,3,3,7,5,0,2,1,0,7,4,3,1
53,3,3,0,1,8,1,0,1,2,1,0,2,2,5,5,0,2,1,0,7,4,6,1
54,3,3,7,1,3,1,0,1,2,1,0,3,2,7,7,0,2,1,0,7,4,3,1
55,4,3,7,1,4,1,0,1,2,1,0,3,2,7,5,0,2,1,0,7,4,3,1
56,3,2,7,1,8,1,0,1,2,1,0,3,3,7,7,0,2,1,0,7,4,3,1
57,3,3,0,1,8,1,0,1,2,1,0,2,2,5,7,0,2,1,0,7,4,3,1
58,2,3,0,1,6,0,0,0,1,0,0,3,3,4,4,0,1,1,4,2,4,1,0
59,2,3,0,1,3,1,0,1,2,1,0,3,3,5,7,0,2,1,0,7,4,1,1
60,4,3,0,1,3,1,0,1,2,1,0,3,3,5,7,0,2,1,0,7,4,1,1
61,3,3,0,1,4,1,0,1,2,1,0,3,2,7,5,0,2,1,0,7,4,6,1
62,3,3,0,1,3,1,0,1,2,1,0,2,3,7,7,0,2,1,0,7,4,6,1
63,2,3,0,1,3,1,0,1,2,1,0,3,3,7,5,0,2,1,0,7,4,3,1
64,3,3,0,1,3,1,0,1,2,1,0,2,2,7,7,0,2,1,0,7,4,6,1
65,3,2,7,1,4,1,0,1,2,1,0,2,3,5,5,0,2,1,0,7,4,3,1
66,3,2,7,1,3,1,0,1,2,1,0,3,2,5,5,0,2,1,0,7,4,6,1
67,3,3,0,1,4,1,0,1,2,1,0,3,3,5,7,0,2,1,0,7,4,1,1
68,2,3,7,1,4,1,0,1,2,1,0,3,2,7,5,0,2,1,0,7,4,1,1
69,2,3,0,1,8,1,0,1,2,1,0,3,2,7,7,0,2,1,0,7,4,3,1
70,2,3,7,1,3,1,0,1,2,1,0,3,3,5,5,0,2,1,0,7,4,3,1
71,2,3,7,1,8,1,0,1,2,1,0,2,2,5,5,0,2,1,0,7,4,6,1
72,3,2,7,1,4,1,0,1,2,1,0,2,3,5,7,0,2,1,0,7,4,1,1
73,2,3,7,1,3,1,0,1,2,1,0,2,2,5,7,0,2,1,0,7,4,3,1
74,4,3,7,1,3,1,0,1,2,1,0,2,3,5,7,0,2,1,0,7,4,1,1
75,2,2,7,1,4,1,0,1,2,1,0,3,3,7,5,0,2,1,0,7,4,3,1
76,3,3,0,1,4,1,0,1,2,1,0,3,3,7,5,0,2,1,0,7,4,3,1
77,3,3,0,1,3,1,0,1,2,1,0,3,2,5,5,0,2,1,0,7,4,1,1
78,2,3,0,1,4,1,0,1,2,1,0,3,3,7,5,0,2,1,0,7,4,6,1
79,4,2,7,1,3,1,0,1,2,1,0,3,2,7,7,0,2,1,0,7,4,3,1
80,2,3,7,1,3,1,0,1,2,1,0,2,2,5,7,0,2,1,0,7,4,1,1
81,3,2,0,1,8,1,0,1,2,1,0,3,3,5,7,0,2,1,0,7,4,6,1
82,3,2,7,1,8,1,0,1,2,1,0,2,3,7,7,0,2,1,0,7,4,6,1
83,3,2,0,1,8,1,0,1,2,1,0,3,3,5,5,0,2,1,0,7,4,3,1
84,3,3,0,1,8,1,0,1,2,1,0,2,2,5,5,0,2,1,0,7,4,1,1
85,3,3,7,1,3,1,0,1,2,1,0,3,3,7,5,0,2,1,0,7,4,3,1
86,4,2,0,1,3,1,0,1,2,1,0,2,2,7,5,0,2,1,0,7,4,3,1
87,3,2,7,1,3,1,0,1,2,1,0,3,2,7,7,0,2,1,0,7,4,1,1
88,3,3,7,1,8,1,0,1,2,1,0,3,3,5,7,0,2,1,0,7,4,3,1
89,3,3,0,1,4,1,0,1,2,1,0,3,3,7,7,0,2,1,0,7,4,6,1
90,2,3,0,1,3,1,0,1,2,1,0,3,3,7,5,0,2,1,0,7,4,1,1
91,3,2,0,1,8,1,0,1,2,1,0,2,3,5,7,0,2,1,0,7,4,6,1
92,3,2,7,1,8,1,0,1,2,1,0,2,2,7,7,0,2,1,0,7,4,6,1
93,2,2,7,1,8,1,0,1,2,1,0,2,2,5,5,0,2,1,0,7,4,6,1
94,3,3,7,1,8,1,0,1,2,1,0,2,3,7,7,0,2,1,0,7,4,3,1
95,2,3,0,1,8,1,0,1,2,1,0,2,2,7,5,0,2,1,0,7,4,1,1
96,3,3,0,1,3,1,0,1,2,1,0,2,2,5,5,0,2,1,0,7,4,3,1
97,3,3,0,1,8,1,0,1,2,1,0,3,2,7,7,0,2,1,0,7,4,1,1
98,3,3,7,1,3,1,0,1,2,1,0,3,3,5,5,0,2,1,0,7,4,3,1
99,2,3,3,1,6,1,1,0,7,0,0,3,2,7,7,0,2,2,4,7,2,0,0
100,4,2,0,1,3,1,0,1,2,1,0,2,2,5,7,0,2,1,0,7,4,3,1
101,2,2,7,1,8,1,0,1,2,1,0,2,3,7,7,0,2,1,0,7,4,3,1
102,2,3,0,1,8,1,0,1,2,1,0,3,3,7,7,0,2,1,0,7,4,3,1
103,2,3,0,1,8,1,0,1,2,1,0,3,3,7,5,0,2,1,0,7,4,6,1
104,3,2,7,1,8,1,0,1,2,1,0,2,2,5,7,0,2,1,0,7,4,1,1
105,4,2,0,1,4,1,0,1,2,1,0,3,3,5,5,0,2,1,0,7,4,1,1
106,2,3,7,1,4,1,0,1,2,1,0,2,3,5,7,0,2,1,0,7,4,6,1
107,2,3,0,1,8,1,0,1,2,1,0,3,2,7,7,0,2,1,0,7,4,6,1
108,4,2,0,1,3,1,0,1,2,1,0,2,3,5,5,0,2,1,0,7,4,6,1
109,2,2,7,1,4,1,0,1,2,1,0,2,2,5,7,0,2,1,0,7,4,1,1
110,4,3,0,1,4,1,0,1,2,1,0,2,3,5,7,0,2,1,0,7,4,3,1
111,2,3,0,1,4,1,0,1,2,1,0,3,2,7,7,0,2,1,0,7,4,3,1
112,2,2,7,1,4,1,0,1,2,1,0,3,2,5,7,0,2,1,0,7,4,6,1
113,3,3,7,1,3,1,0,1,2,1,0,3,2,7,7,0,2,1,0,7,4,6,1
114,3,3,0,1,8,1,0,1,2,1,0,3,2,7,5,0,2,1,0,7,4,1,1
115,3,3,0,1,4,1,0,1,2,1,0,2,3,5,5,0,2,1,0,7,4,3,1
116,3,3,7,1,3,1,0,1,2,1,0,2,3,5,7,0,2,1,0,7,4,3,1
117,2,2,7,1,8,1,0,1,2,1,0,2,3,7,5,0,2,1,0,7,4,1,1
118,2,3,7,1,4,1,0,1,2,1,0,2,3,5,5,0,2,1,0,7,4,1,1
119,3,3,0,1,8,1,0,1,2,1,0,3,3,5,7,0,2,1,0,7,4,3,1
120,3,2,7,1,8,1,0,1,2,1,0,3,3,7,7,0,2,1,0,7,4,6,1
121,2,3,0,1,4,1,0,1,2,1,0,2,3,5,7,0,2,1,0,7,4,6,1
122,2,3,7,1,8,1,0,1,2,1,0,2,2,7,5,0,2,1,0,7,4,6,1
123,2,3,7,1,3,1,0,1,2,1,0,2,2,7,7,0,2,1,0,7,4,1,1
124,3,3,7,1,4,1,0,1,2,1,0,2,3,5,5,0,2,1,0,7,4,3,1
125,2,2,7,1,8,1,0,1,2,1,0,3,2,7,7,0,2,1,0,7,4,3,1
126,2,3,0,1,3,1,0,1,2,1,0,3,2,5,7,0,2,1,0,7,4,6,1
127,2,3,7,1,8,1,0,1,2,1,0,3,2,7,5,0,2,1,0,7,4,1,1
128,2,3,7,1,3,1,0,1,2,1,0,3,2,7,5,0,2,1,0,7,4,1,1
129,2,3,0,1,3,1,0,1,2,1,0,3,2,7,5,0,2,1,0,7,4,6,1
130,2,3,0,1,8,1,0,1,2,1,0,2,3,5,7,0,2,1,0,7,4,1,1
131,3,3,7,1,3,1,0,1,2,1,0,3,3,5,5,0,2,1,0,7,4,6,1
132,3,2,7,1,4,1,0,1,2,1,0,2,3,7,7,0,2,1,0,7,4,6,1
133,2,3,0,1,8,1,0,1,2,1,0,2,3,7,7,0,2,1,0,7,4,6,1
134,2,3,7,1,4,1,0,1,2,1,0,2,2,5,5,0,2,1,0,7,4,1,1
135,3,3,0,1,8,1,0,1,2,1,0,2,3,7,5,0,2,1,0,7,4,1,1
136,2,3,0,1,4,1,0,1,2,1,0,3,2,5,7,0,2,1,0,7,4,6,1
137,3,3,7,1,3,1,0,1,2,1,0,2,3,5,7,0,2,1,0,7,4,6,1
138,4,2,0,1,3,1,0,1,2,1,0,3,2,7,5,0,2,1,0,7,4,3,1
139,2,3,0,1,3,1,0,1,2,1,0,3,2,5,5,0,2,1,0,7,4,1,1
140,3,2,0,1,3,1,0,1,2,1,0,2,3,7,5,0,2,1,0,7,4,3,1
141,4,2,0,1,3,1,0,1,2,1,0,2,3,7,5,0,2,1,0,7,4,3,1
142,3,3,7,1,8,1,0,1,2,1,0,2,3,7,7,0,2,1,0,7,4,6,1
143,3,3,0,1,4,1,0,1,2,1,0,2,2,5,7,0,2,1,0,7,4,3,1
144,2,3,7,1,3,1,0,1,2,1,0,3,2,7,5,0,2,1,0,7,4,6,1
145,2,3,0,1,4,1,0,1,2,1,0,3,3,5,5,0,2,1,0,7,4,1,1
146,3,2,0,1,3,1,0,1,2,1,0,2,3,5,5,0,2,1,0,7,4,3,1
147,3,2,0,1,8,1,0,1,2,1,0,3,2,5,7,0,2,1,0,7,4,3,1
148,2,3,7,1,3,1,0,1,2,1,0,3,3,7,7,0,2,1,0,7,4,1,1
149,3,2,0,1,3,1,0,1,2,1,0,2,3,7,7,0,2,1,0,7,4,1,1
150,2,2,7,1,8,1,0,1,2,1,0,3,3,5,7,0,2,1,0,7,4,3,1
151,3,2,0,1,3,1,0,1,2,1,0,2,2,7,7,0,2,1,0,7,4,1,1
152,3,2,7,1,8,1,0,1,2,1,0,2,3,7,7,0,2,1,0,7,4,3,1
153,2,2,7,1,4,1,0,1,2,1,0,2,3,5,7,0,2,1,0,7,4,1,1
154,3,3,7,1,3,1,0,1,2,1,0,3,3,5,5,0,2,1,0,7,4,1,1
155,4,3,0,1,8,1,0,1,2,1,0,3,2,7,7,0,2,1,0,7,4,6,1
156,2,2,7,1,4,1,0,1,2,1,0,3,3,5,7,0,2,1,0,7,4,3,1
157,2,3,0,1,4,1,0,1,2,1,0,2,3,5,5,0,2,1,0,7,4,1,1
158,3,3,7,1,8,1,0,1,2,1,0,2,3,5,7,0,2,1,0,7,4,3,1
159,3,3,7,1,3,1,0,1,2,1,0,3,3,7,7,0,2,1,0,7,4,3,1
160,0,0,3,1,6,1,1,0,7,0,0,3,2,7,7,0,2,2,4,7,3,0,0
161,2,3,0,1,3,1,0,1,2,1,0,2,3,7,7,0,2,1,0,7,4,3,1
162,4,3,0,1,8,1,0,1,2,1,0,2,3,7,5,0,2,1,0,7,4,3,1
163,0,3,0,1,6,0,0,0,6,0,0,3,3,4,4,0,0,1,4,8,4,1,0
164,3,3,0,1,3,1,0,1,2,1,0,3,3,5,5,0,2,1,0,7,4,6,1
165,3,2,0,1,8,1,0,1,2,1,0,2,2,5,7,0,2,1,0,7,4,6,1
166,2,2,7,1,8,1,0,1,2,1,0,3,2,7,5,0,2,1,0,7,4,6,1
167,2,3,7,1,8,1,0,1,2,1,0,2,3,5,5,0,2,1,0,7,4,6,1
168,4,2,2,1,5,0,0,0,10,0,2,2,1,2,2,0,2,0,3,7,1,6,1
169,2,3,7,1,8,1,0,1,2,1,0,3,3,7,7,0,2,1,0,7,4,1,1
170,3,3,0,1,8,1,0,1,2,1,0,2,2,7,5,0,2,1,0,7,4,3,1
171,2,3,0,1,3,1,0,1,2,1,0,2,2,5,5,0,2,1,0,7,4,1,1
172,2,2,7,1,8,1,0,1,2,1,0,3,2,7,7,0,2,1,0,7,4,6,1
173,2,3,7,1,4,1,0,1,2,1,0,2,2,5,7,0,2,1,0,7,4,6,1
174,3,3,7,1,4,1,0,1,2,1,0,3,3,5,7,0,2,1,0,7,4,1,1
175,3,3,0,1,4,1,0,1,2,1,0,3,2,5,7,0,2,1,0,7,4,6,1
176,3,3,0,1,8,1,0,1,2,1,0,2,2,7,7,0,2,1,0,7,4,6,1
177,3,2,7,1,3,1,0,1,2,1,0,2,3,5,5,0,2,1,0,7,4,3,1
178,2,3,7,1,3,1,0,1,2,1,0,3,2,5,5,0,2,1,0,7,4,1,1
179,3,2,7,1,8,1,0,1,2,1,0,3,2,7,5,0,2,1,0,7,4,6,1
180,3,2,0,1,3,1,0,1,2,1,0,3,2,5,7,0,2,1,0,7,4,1,1
181,2,2,7,1,4,1,0,1,2,1,0,2,2,7,7,0,2,1,0,7,4,1,1
182,3,2,7,1,8,1,0,1,2,1,0,2,3,5,5,0,2,1,0,7,4,3,1
183,3,3,7,1,4,1,0,1,2,1,0,2,2,7,7,0,2,1,0,7,4,1,1
184,3,3,7,1,4,1,0,1,2,1,0,2,3,5,7,0,2,1,0,7,4,3,1
185,2,3,7,1,3,1,0,1,2,1,0,2,2,7,7,0,2,1,0,7,4,3,1
186,2,3,7,1,4,1,0,1,2,1,0,2,2,5,5,0,2,1,0,7,4,6,1
187,4,2,7,1,8,1,0,1,2,1,0,3,3,7,7,0,2,1,0,7,4,3,1
188,2,2,7,1,4,1,0,1,2,1,0,3,3,7,7,0,2,1,0,7,4,1,1
189,2,3,7,1,3,1,0,1,2,1,0,3,3,5,7,0,2,1,0,7,4,6,1
190,2,3,0,1,3,1,0,1,2,1,0,2,2,5,7,0,2,1,0,7,4,6,1
191,2,3,0,1,8,1,0,1,2,1,0,3,3,7,7,0,2,1,0,7,4,1,1
192,3,3,0,1,3,1,0,1,2,1,0,3,2,5,7,0,2,1,0,7,4,6,1
193,3,2,0,1,8,1,0,1,2,1,0,2,2,7,5,0,2,1,0,7,4,3,1
194,2,3,7,1,8,1,0,1,2,1,0,3,2,7,5,0,2,1,0,7,4,6,1
195,4,3,0,1,4,1,0,1,2,1,0,3,2,5,7,0,2,1,0,7,4,3,1
196,3,3,0,1,3,1,0,1,2,1,0,3,3,7,7,0,2,1,0,7,4,6,1
197,3,2,0,1,4,1,0,1,2,1,0,2,2,7,7,0,2,1,0,7,4,6,1
198,3,2,7,1,3,1,0,1,2,1,0,3,2,5,5,0,2,1,0,7,4,3,1
199,3,2,7,1,8,1,0,1,2,1,0,3,2,5,5,0,2,1,0,7,4,1,1
200,3,2,0,1,4,1,0,1,2,1,0,2,3,5,7,0,2,1,0,7,4,6,1
201,2,3,7,1,3,1,0,1,2,1,0,2,3,7,5,0,2,1,0,7,4,1,1
202,3,2,0,1,8,1,0,1,2,1,0,3,2,7,7,0,2,1,0,7,4,6,1
203,3,3,0,1,8,1,0,1,2,1,0,2,3,7,7,0,2,1,0,7,4,6,1
204,3,3,7,1,4,1,0,1,2,1,0,3,2,5,5,0,2,1,0,7,4,3,1
205,2,3,0,1,3,1,0,1,2,1,0,3,3,5,5,0,2,1,0,7,4,6,1
206,3,2,7,1,4,1,0,1,2,1,0,3,3,7,7,0,2,1,0,7,4,6,1
207,4,2,0,1,3,1,0,1,2,1,0,2,2,5,7,0,2,1,0,7,4,1,1
208,3,3,0,1,3,1,0,1,2,1,0,2,3,7,7,0,2,1,0,7,4,3,1
209,3,2,0,1,4,1,0,1,2,1,0,3,2,5,7,0,2,1,0,7,4,3,1
210,3,3,7,1,3,1,0,1,2,1,0,2,2,5,5,0,2,1,0,7,4,1,1
211,2,3,0,1,4,1,0,1,2,1,0,3,2,7,7,0,2,1,0,7,4,1,1
212,3,3,7,1,4,1,0,1,2,1,0,3,2,5,7,0,2,1,0,7,4,3,1
213,2,3,7,1,4,1,0,1,2,1,0,3,2,7,7,0,2,1,0,7,4,6,1
214,3,2,7,1,8,1,0,1,2,1,0,3,3,5,7,0,2,1,0,7,4,6,1
215,2,3,7,1,3,1,0,1,2,1,0,2,2,5,5,0,2,1,0,7,4,3,1
216,3,3,7,1,8,1,0,1,2,1,0,3,2,7,5,0,2,1,0,7,4,3,1
217,3,3,0,1,4,1,0,1,2,1,0,2,3,7,5,0,2,1,0,7,4,3,1
218,2,3,0,1,3,1,0,1,2,1,0,3,2,5,7,0,2,1,0,7,4,3,1
219,2,3,7,1,8,1,0,1,2,1,0,3,3,5,5,0,2,1,0,7,4,6,1
220,3,3,7,1,8,1,0,1,2,1,0,3,2,7,7,0,2,1,0,7,4,6,1
221,2,3,7,1,4,1,0,1,2,1,0,3,2,5,7,0,2,1,0,7,4,1,1
222,2,3,0,1,8,1,0,1,2,1,0,2,3,7,7,0,2,1,0,7,4,1,1
223,3,3,7,1,4,1,0,1,2,1,0,2,2,5,5,0,2,1,0,7,4,6,1
224,2,2,7,1,8,1,0,1,2,1,0,3,2,7,5,0,2,1,0,7,4,1,1
225,2,3,0,1,3,1,0,1,2,1,0,3,2,5,5,0,2,1,0,7,4,3,1
226,2,2,7,1,8,1,0,1,2,1,0,3,3,7,5,0,2,1,0,7,4,3,1
227,3,3,7,1,3,1,0,1,2,1,0,2,2,7,7,0,2,1,0,7,4,1,1
228,2,3,7,1,8,1,0,1,2,1,0,2,3,7,5,0,2,1,0,7,4,6,1
229,3,2,0,1,4,1,0,1,2,1,0,3,3,5,7,0,2,1,0,7,4,1,1
230,2,3,7,1,4,1,0,1,2,1,0,2,3,7,7,0,2,1,0,7,4,1,1
231,2,3,0,1,8,1,0,1,2,1,0,2,3,7,5,0,2,1,0,7,4,1,1
232,3,3,7,1,3,1,0,1,2,1,0,2,3,7,7,0,2,1,0,7,4,6,1
233,2,3,7,1,8,1,0,1,2,1,0,3,2,5,5,0,2,1,0,7,4,6,1
234,3,3,0,1,3,1,0,1,2,1,0,2,2,7,5,0,2,1,0,7,4,1,1
235,2,2,7,1,8,1,0,1,2,1,0,2,2,7,5,0,2,1,0,7,4,3,1
236,3,2,7,1,3,1,0,1,2,1,0,2,2,5,5,0,2,1,0,7,4,6,1
237,2,2,7,1,8,1,0,1,2,1,0,2,2,5,7,0,2,1,0,7,4,3,1
238,4,2,0,1,3,1,0,1,2,1,0,2,2,7,7,0,2,1,0,7,4,1,1
239,3,2,0,1,3,1,0,1,2,1,0,3,3,7,7,0,2,1,0,7,4,1,1
240,2,2,7,1,4,1,0,1,2,1,0,3,3,5,5,0,2,1,0,7,4,1,1
241,3,3,0,1,3,1,0,1,2,1,0,3,3,7,7,0,2,1,0,7,4,3,1
242,2,3,7,1,8,1,0,1,2,1,0,2,2,5,7,0,2,1,0,7,4,6,1
243,3,3,7,1,3,1,0,1,2,1,0,2,3,5,5,0,2,1,0,7,4,6,1
244,2,0,3,1,6,1,1,0,4,0,0,2,2,7,7,0,2,2,4,7,3,0,0
245,2,3,7,1,3,1,0,1,2,1,0,3,2,7,7,0,2,1,0,7,4,3,1
246,3,3,0,1,4,1,0,1,2,1,0,3,2,5,5,0,2,1,0,7,4,1,1
247,3,3,0,1,8,1,0,1,2,1,0,3,3,5,5,0,2,1,0,7,4,3,1
248,2,3,7,1,4,1,0,1,2,1,0,3,2,7,7,0,2,1,0,7,4,1,1
249,2,3,7,1,3,1,0,1,2,1,0,2,3,7,7,0,2,1,0,7,4,1,1
250,2,3,7,1,8,1,0,1,2,1,0,2,3,7,7,0,2,1,0,7,4,1,1
251,3,2,7,1,3,1,0,1,2,1,0,2,3,7,7,0,2,1,0,7,4,6,1
252,0,0,3,1,6,1,1,0,10,0,0,3,3,7,7,0,2,2,4,7,3,0,0
253,3,2,0,1,8,1,0,1,2,1,0,2,3,7,5,0,2,1,0,7,4,6,1
254,3,2,7,1,4,1,0,1,2,1,0,3,2,5,5,0,2,1,0,7,4,6,1
255,3,2,0,1,8,1,0,1,2,1,0,3,3,5,5,0,2,1,0,7,4,6,1
256,3,3,0,1,4,1,0,1,2,1,0,3,2,5,7,0,2,1,0,7,4,1,1
257,3,2,0,1,4,1,0,1,2,1,0,3,2,7,5,0,2,1,0,7,4,6,1
258,2,2,7,1,8,1,0,1,2,1,0,2,3,5,7,0,2,1,0,7,4,6,1
259,3,2,0,1,8,1,0,1,2,1,0,3,3,7,7,0,2,1,0,7,4,1,1
260,2,3,0,1,3,1,0,1,2,1,0,3,2,5,5,0,2,1,0,7,4,6,1
261,3,2,7,1,4,1,0,1,2,1,0,3,3,5,7,0,2,1,0,7,4,6,1
262,4,0,3,1,6,1,1,0,7,0,0,2,3,7,7,0,2,2,4,7,3,0,0
263,0,3,0,1,6,0,0,0,11,0,0,3,3,4,4,0,0,1,4,5,1,1,0
264,3,3,0,1,8,1,0,1,2,1,0,3,3,7,7,0,2,1,0,7,4,1,1
265,2,3,0,1,8,1,0,1,2,1,0,3,3,5,7,0,2,1,0,7,4,3,1
266,3,2,0,1,8,1,0,1,2,1,0,3,3,5,5,0,2,1,0,7,4,1,1
267,3,3,7,1,8,1,0,1,2,1,0,2,3,7,7,0,2,1,0,7,4,1,1
268,3,2,0,1,3,1,0,1,2,1,0,3,3,5,7,0,2,1,0,7,4,1,1
269,3,3,0,1,4,1,0,1,2,1,0,3,3,5,5,0,2,1,0,7,4,6,1
270,3,2,7,1,3,1,0,1,2,1,0,3,3,5,5,0,2,1,0,7,4,3,1
271,3,2,7,1,4,1,0,1,2,1,0,2,2,5,7,0,2,1,0,7,4,1,1
272,3,3,0,1,8,1,0,1,2,1,0,2,2,7,5,0,2,1,0,7,4,1,1
273,2,3,7,1,3,1,0,1,2,1,0,3,2,7,7,0,2,1,0,7,4,6,1
274,2,0,8,1,6,1,1,0,4,0,0,3,2,7,7,0,2,2,4,7,2,0,0
275,3,3,0,1,4,1,0,1,2,1,0,3,3,5,5,0,2,1,0,7,4,3,1
276,2,3,7,1,3,1,0,1,2,1,0,2,3,5,7,0,2,1,0,7,4,1,1
277,2,3,0,1,3,1,0,1,2,1,0,2,3,5,5,0,2,1,0,7,4,6,1
278,2,3,0,1,3,1,0,1,2,1,0,2,3,5,5,0,2,1,0,7,4,1,1
279,2,3,0,1,4,1,0,1,2,1,0,2,2,5,7,0,2,1,0,7,4,6,1
280,4,2,0,1,3,1,0,1,2,1,0,2,2,5,7,0,2,1,0,7,4,6,1
281,3,3,0,1,3,1,0,1,2,1,0,2,2,7,5,0,2,1,0,7,4,3,1
282,2,2,7,1,3,1,0,1,2,1,0,3,3,7,5,0,2,1,0,7,4,3,1
283,3,3,0,1,3,1,0,1,2,1,0,3,3,5,7,0,2,1,0,7,4,3,1
284,3,3,0,1,4,1,0,1,2,1,0,3,2,7,7,0,2,1,0,7,4,6,1
285,2,3,0,1,8,1,0,1,2,1,0,3,2,7,7,0,2,1,0,7,4,1,1
286,2,3,0,1,4,1,0,1,2,1,0,3,3,5,7,0,2,1,0,7,4,6,1
287,2,2,7,1,8,1,0,1,2,1,0,3,3,7,7,0,2,1,0,7,4,1,1
288,3,3,7,1,4,1,0,1,2,1,0,3,3,7,5,0,2,1,0,7,4,6,1
289,3,3,7,1,8,1,0,1,2,1,0,2,2,7,5,0,2,1,0,7,4,1,1
290,3,2,0,1,4,1,0,1,2,1,0,3,2,7,5,0,2,1,0,7,4,3,1
291,2,3,7,1,8,1,0,1,2,1,0,3,2,5,5,0,2,1,0,7,4,1,1
292,3,3,7,1,8,1,0,1,2,1,0,3,3,7,5,0,2,1,0,7,4,1,1
293,3,2,7,1,8,1,0,1,2,1,0,3,3,5,5,0,2,1,0,7,4,6,1
294,3,2,7,1,3,1,0,1,2,1,0,2,2,5,7,0,2,1,0,7,4,1,1
295,2,2,7,1,8,1,0,1,2,1,0,2,2,7,7,0,2,1,0,7,4,1,1
296,3,2,0,1,4,1,0,1,2,1,0,2,2,7,7,0,2,1,0,7,4,1,1
297,3,3,0,1,4,1,0,1,2,1,0,3,3,7,7,0,2,1,0,7,4,1,1
298,3,3,0,1,3,1,0,1,2,1,0,2,3,5,5,0,2,1,0,7,4,3,1
299,4,2,7,1,4,1,0,1,2,1,0,2,2,7,7,0,2,1,0,7,4,1,1
300,3,3,7,1,3,1,0,1,2,1,0,3,3,7,7,0,2,1,0,7,4,1,1
301,2,3,7,1,8,1,0,1,2,1,0,2,3,5,5,0,2,1,0,7,4,3,1
302,2,2,7,1,3,1,0,1,2,1,0,3,2,7,7,0,2,1,0,7,4,3,1
303,3,2,7,1,4,1,0,1,2,1,0,3,2,7,7,0,2,1,0,7,4,1,1
304,2,2,7,1,8,1,0,1,2,1,0,2,2,7,7,0,2,1,0,7,4,6,1
305,3,2,7,1,4,1,0,1,2,1,0,3,3,7,5,0,2,1,0,7,4,1,1
306,3,2,0,1,3,1,0,1,2,1,0,2,2,5,5,0,2,1,0,7,4,6,1
307,3,2,7,1,3,1,0,1,2,1,0,3,2,5,5,0,2,1,0,7,4,1,1
308,2,2,7,1,8,1,0,1,2,1,0,3,3,7,7,0,2,1,0,7,4,3,1
309,2,3,7,1,3,1,0,1,2,1,0,3,2,5,7,0,2,1,0,7,4,6,1
310,3,3,7,1,4,1,0,1,2,1,0,2,3,5,7,0,2,1,0,7,4,1,1
311,3,3,7,1,4,1,0,1,2,1,0,2,2,5,7,0,2,1,0,7,4,3,1
312,2,3,7,1,4,1,0,1,2,1,0,3,3,7,7,0,2,1,0,7,4,3,1
313,3,3,7,1,3,1,0,1,2,1,0,2,2,7,7,0,2,1,0,7,4,3,1
314,3,3,7,1,8,1,0,1,2,1,0,3,3,7,7,0,2,1,0,7,4,3,1
315,3,3,0,1,3,1,0,1,2,1,0,2,2,5,7,0,2,1,0,7,4,1,1
316,3,2,7,1,4,1,0,1,2,1,0,2,2,5,5,0,2,1,0,7,4,6,1
317,3,2,0,1,8,1,0,1,2,1,0,2,2,5,7,0,2,1,0,7,4,3,1
318,4,3,7,1,4,1,0,1,2,1,0,2,2,7,5,0,2,1,0,7,4,1,1
319,3,3,0,1,3,1,0,1,2,1,0,2,2,5,7,0,2,1,0,7,4,6,1
320,3,2,0,1,3,1,0,1,2,1,0,3,3,5,5,0,2,1,0,7,4,3,1
321,3,3,7,1,8,1,0,1,2,1,0,2,3,5,5,0,2,1,0,7,4,1,1
322,3,2,7,1,3,1,0,1,2,1,0,3,3,7,5,0,2,1,0,7,4,1,1
323,2,3,0,1,3,1,0,1,2,1,0,3,3,5,5,0,2,1,0,7,4,3,1
324,4,2,0,1,3,1,0,1,2,1,0,2,2,5,5,0,2,1,0,7,4,3,1
325,2,2,7,1,8,1,0,1,2,1,0,2,2,7,5,0,2,1,0,7,4,6,1
326,2,3,7,1,4,1,0,1,2,1,0,3,3,7,5,0,2,1,0,7,4,1,1
327,2,3,3,1,6,1,1,0,10,0,0,2,3,7,7,0,2,2,4,7,2,0,0
328,4,2,0,1,3,1,0,1,2,1,0,2,3,5,7,0,2,1,0,7,4,6,1
329,2,3,0,1,3,1,0,1,2,1,0,2,3,7,5,0,2,1,0,7,4,3,1
330,3,3,0,1,8,1,0,1,2,1,0,3,2,7,5,0,2,1,0,7,4,3,1
331,3,3,0,1,8,1,0,1,2,1,0,3,3,7,5,0,2,1,0,7,4,3,1
332,2,3,7,1,8,1,0,1,2,1,0,2,2,7,7,0,2,1,0,7,4,3,1
333,3,3,7,1,4,1,0,1,2,1,0,3,2,5,7,0,2,1,0,7,4,1,1
334,3,2,7,1,4,1,0,1,2,1,0,2,2,7,7,0,2,1,0,7,4,1,1
335,3,2,7,1,4,1,0,1,2,1,0,2,2,7,5,0,2,1,0,7,4,3,1
336,3,3,0,1,4,1,0,1,2,1,0,2,3,7,7,0,2,1,0,7,4,1,1
337,3,3,7,1,4,1,0,1,2,1,0,3,3,5,7,0,2,1,0,7,4,3,1
338,2,3,0,1,4,1,0,1,2,1,0,2,3,7,5,0,2,1,0,7,4,3,1
339,3,3,7,1,4,1,0,1,2,1,0,2,2,5,5,0,2,1,0,7,4,1,1
340,2,3,7,1,8,1,0,1,2,1,0,3,3,7,7,0,2,1,0,7,4,3,1
341,3,3,7,1,3,1,0,1,2,1,0,3,3,7,5,0,2,1,0,7,4,6,1
342,3,2,7,1,4,1,0,1,2,1,0,2,3,7,7,0,2,1,0,7,4,3,1
343,4,2,7,1,8,1,0,1,2,1,0,3,3,5,7,0,2,1,0,7,4,3,1
344,3,3,0,1,8,1,0,1,2,1,0,3,3,7,7,0,2,1,0,7,4,3,1
345,4,2,7,1,8,1,0,1,2,1,0,2,3,7,7,0,2,1,0,7,4,6,1
346,3,3,7,1,3,1,0,1,2,1,0,2,2,5,7,0,2,1,0,7,4,1,1
347,3,2,7,1,8,1,0,1,2,1,0,3,2,7,7,0,2,1,0,7,4,1,1
348,3,3,7,1,4,1,0,1,2,1,0,2,2,5,7,0,2,1,0,7,4,1,1
349,0,3,0,1,6,0,0,0,1,0,0,3,3,4,4,0,1,1,4,5,1,1,0
350,2,3,0,1,4,1,0,1,2,1,0,3,2,7,7,0,2,1,0,7,4,6,1
351,3,2,7,1,8,1,0,1,2,1,0,2,3,5,7,0,2,1,0,7,4,1,1
352,3,2,0,1,8,1,0,1,2,1,0,2,2,7,5,0,2,1,0,7,4,6,1
353,3,3,7,1,4,1,0,1,2,1,0,2,2,5,7,0,2,1,0,7,4,6,1
354,3,2,0,1,4,1,0,1,2,1,0,2,2,7,7,0,2,1,0,7,4,3,1
355,4,2,0,1,5,1,0,0,10,0,2,2,1,2,2,0,2,0,3,7,1,6,1
356,2,3,7,1,4,1,0,1,2,1,0,2,2,7,7,0,2,1,0,7,4,3,1
357,3,3,7,1,8,1,0,1,2,1,0,2,2,7,7,0,2,1,0,7,4,1,1
358,4,2,0,1,3,1,0,1,2,1,0,2,3,7,5,0,2,1,0,7,4,6,1
359,3,3,7,1,4,1,0,1,2,1,0,3,3,7,5,0,2,1,0,7,4,3,1
360,4,3,8,1,6,1,1,0,4,0,0,2,2,7,7,0,2,2,4,7,3,0,0
361,3,2,0,1,3,1,0,1,2,1,0,2,3,5,5,0,2,1,0,7,4,1,1
362,3,2,0,1,3,1,0,1,2,1,0,3,2,5,7,0,2,1,0,7,4,6,1
363,3,2,0,1,3,1,0,1,2,1,0,3,3,5,7,0,2,1,0,7,4,3,1
364,3,3,0,1,8,1,0,1,2,1,0,2,2,7,5,0,2,1,0,7,4,6,1
365,3,3,0,1,3,1,0,1,2,1,0,3,3,7,7,0,2,1,0,7,4,1,1
366,3,2,7,1,3,1,0,1,2,1,0,2,2,5,7,0,2,1,0,7,4,3,1
367,2,3,7,1,4,1,0,1,2,1,0,2,3,7,5,0,2,1,0,7,4,6,1
368,3,2,0,1,4,1,0,1,2,1,0,2,3,5,5,0,2,1,0,7,4,3,1
369,2,3,0,1,4,1,0,1,2,1,0,3,2,5,5,0,2,1,0,7,4,3,1
370,2,3,7,1,4,1,0,1,2,1,0,3,2,5,5,0,2,1,0,7,4,1,1
371,2,3,7,1,3,1,0,1,2,1,0,3,2,7,7,0,2,1,0,7,4,1,1
372,3,2,7,1,3,1,0,1,2,1,0,2,2,7,5,0,2,1,0,7,4,6,1
373,2,3,0,1,3,1,0,1,2,1,0,2,3,5,7,0,2,1,0,7,4,6,1
374,2,3,7,1,8,1,0,1,2,1,0,3,3,7,5,0,2,1,0,7,4,3,1
375,3,3,0,1,4,1,0,1,2,1,0,2,3,5,7,0,2,1,0,7,4,1,1
376,2,3,0,1,3,1,0,1,2,1,0,2,2,5,7,0,2,1,0,7,4,1,1
377,3,2,7,1,3,1,0,1,2,1,0,2,3,7,5,0,2,1,0,7,4,6,1
378,2,3,0,1,4,1,0,1,2,1,0,2,2,7,5,0,2,1,0,7,4,6,1
379,3,2,7,1,4,1,0,1,2,1,0,2,2,5,5,0,2,1,0,7,4,1,1
380,3,3,7,1,4,1,0,1,2,1,0,2,3,7,7,0,2,1,0,7,4,3,1
381,3,2,0,1,4,1,0,1,2,1,0,2,2,5,5,0,2,1,0,7,4,1,1
382,3,2,0,1,3,1,0,1,2,1,0,3,3,7,7,0,2,1,0,7,4,6,1
383,2,2,7,1,4,1,0,1,2,1,0,2,2,5,7,0,2,1,0,7,4,6,1
384,4,0,3,1,6,1,1,0,10,0,0,2,2,7,7,0,2,2,4,7,2,0,0
385,2,3,7,1,3,1,0,1,2,1,0,3,2,5,5,0,2,1,0,7,4,6,1
386,4,2,0,1,3,1,0,1,2,1,0,3,2,5,5,0,2,1,0,7,4,6,1
387,4,2,0,1,8,1,0,1,2,1,0,3,2,7,7,0,2,1,0,7,4,6,1
388,2,2,7,1,8,1,0,1,2,1,0,3,3,5,5,0,2,1,0,7,4,3,1
389,3,3,7,1,4,1,0,1,2,1,0,2,3,7,5,0,2,1,0,7,4,1,1
390,3,3,0,1,8,1,0,1,2,1,0,2,3,5,5,0,2,1,0,7,4,1,1
391,3,3,7,1,8,1,0,1,2,1,0,3,2,7,7,0,2,1,0,7,4,3,1
392,2,3,7,1,4,1,0,1,2,1,0,2,3,7,7,0,2,1,0,7,4,3,1
393,3,3,0,1,8,1,0,1,2,1,0,3,3,5,7,0,2,1,0,7,4,6,1
394,3,2,7,1,8,1,0,1,2,1,0,3,2,5,5,0,2,1,0,7,4,3,1
395,2,3,0,1,8,1,0,1,2,1,0,3,2,5,7,0,2,1,0,7,4,1,1
396,2,2,7,1,4,1,0,1,2,1,0,3,2,5,5,0,2,1,0,7,4,3,1
397,3,3,7,1,3,1,0,1,2,1,0,2,3,5,5,0,2,1,0,7,4,3,1
398,2,3,0,1,3,1,0,1,2,1,0,2,2,5,5,0,2,1,0,7,4,6,1
399,3,3,0,1,4,1,0,1,2,1,0,2,3,5,7,0,2,1,0,7,4,3,1
400,2,3,0,1,6,0,0,0,1,0,0,3,3,4,4,0,1,1,4,8,4,1,0
401,4,3,0,1,3,1,0,1,2,1,0,2,2,7,5,0,2,1,0,7,4,3,1
402,3,3,0,1,3,1,0,1,2,1,0,3,3,5,7,0,2,1,0,7,4,1,1
403,4,2,7,1,4,1,0,1,2,1,0,2,3,7,7,0,2,1,0,7,4,3,1
404,2,2,2,0,6,1,0,0,10,0,1,3,3,7,7,0,2,2,4,7,5,3,1
405,0,3,0,1,6,0,0,0,1,0,0,3,3,4,4,0,0,1,4,8,1,1,0
406,4,3,3,1,6,1,1,0,10,0,0,3,2,7,7,0,2,2,4,7,2,0,0
407,2,0,3,1,6,1,1,0,4,0,0,3,2,7,7,0,2,2,4,7,3,0,0
408,2,3,0,1,8,1,0,1,2,1,0,3,2,7,5,0,2,1,0,7,4,6,1
409,4,2,7,1,4,1,0,1,2,1,0,3,3,7,7,0,2,1,0,7,4,3,1
410,2,3,0,1,6,0,0,0,6,0,0,3,3,4,4,0,0,1,4,5,1,1,0
411,4,3,7,1,8,1,0,1,2,1,0,2,2,7,7,0,2,1,0,7,4,6,1
412,0,2,9,1,6,1,1,1,11,0,2,1,1,8,8,0,3,1,0,7,1,1,1
413,2,3,7,1,4,1,0,1,2,1,0,2,3,7,7,0,2,1,0,7,4,6,1
414,0,3,3,1,6,1,1,0,4,0,0,2,2,7,7,0,2,2,4,7,2,0,0
415,4,2,7,1,4,1,0,1,2,1,0,3,2,7,5,0,2,1,0,7,4,3,1
416,4,3,7,1,8,1,0,1,2,1,0,3,2,5,5,0,2,1,0,7,4,3,1
417,3,3,7,1,8,1,0,1,2,1,0,2,2,7,7,0,2,1,0,7,4,6,1
418,3,2,0,1,3,1,0,1,2,1,0,2,3,5,7,0,2,1,0,7,4,3,1
419,3,3,7,1,8,1,0,1,2,1,0,2,2,7,5,0,2,1,0,7,4,6,1
420,4,0,3,1,6,1,1,0,10,0,0,3,2,7,7,0,2,2,4,7,3,0,0
421,4,3,0,1,8,1,0,1,2,1,0,3,3,7,7,0,2,1,0,7,4,3,1
422,4,3,7,1,3,1,0,1,2,1,0,2,3,5,5,0,2,1,0,7,4,6,1
423,3,3,7,1,4,1,0,1,2,1,0,2,3,7,7,0,2,1,0,7,4,1,1
424,0,0,3,1,6,1,1,0,7,0,0,2,2,7,7,0,2,2,4,7,2,0,0
425,3,2,0,1,8,1,0,1,2,1,0,2,2,7,7,0,2,1,0,7,4,6,1
426,3,3,0,1,3,1,0,1,2,1,0,3,3,7,5,0,2,1,0,7,4,3,1
427,3,3,0,1,6,0,0,0,6,0,0,3,3,4,4,0,0,1,4,1,1,1,0
428,2,2,5,0,6,1,0,0,10,0,1,3,3,7,7,0,2,2,4,7,5,3,1
429,3,3,0,1,3,1,0,1,2,1,0,2,2,7,5,0,2,1,0,7,4,6,1
430,4,2,7,1,3,1,0,1,2,1,0,2,2,7,5,0,2,1,0,7,4,1,1
431,3,3,0,1,8,1,0,1,2,1,0,3,3,7,5,0,2,1,0,7,4,1,1
432,0,3,8,1,6,1,1,0,10,0,0,3,2,7,7,0,2,2,4,7,2,0,0
433,2,2,7,1,4,1,0,1,2,1,0,2,2,5,7,0,2,1,0,7,4,3,1
434,3,2,7,1,3,1,0,1,2,1,0,2,3,5,5,0,2,1,0,7,4,1,1
435,3,3,7,1,3,1,0,1,2,1,0,2,3,7,5,0,2,1,0,7,4,1,1
436,4,2,0,1,4,1,0,1,2,1,0,3,3,5,7,0,2,1,0,7,4,6,1
437,2,0,8,1,6,1,1,0,7,0,0,3,3,7,7,0,2,2,4,7,3,0,0
438,0,3,8,1,6,1,1,0,7,0,0,3,3,7,7,0,2,2,4,7,2,0,0
439,4,3,7,1,3,1,0,1,2,1,0,2,2,7,7,0,2,1,0,7,4,1,1
440,3,2,0,1,3,1,0,1,2,1,0,3,2,7,7,0,2,1,0,7,4,1,1
441,3,2,0,0,6,1,0,0,10,0,1,3,3,7,7,0,2,2,4,7,4,3,1
442,4,3,0,1,8,1,0,1,2,1,0,3,3,5,5,0,2,1,0,7,4,6,1
443,4,3,0,1,3,1,0,1,2,1,0,3,2,7,5,0,2,1,0,7,4,1,1
444,3,2,0,1,8,1,0,1,2,1,0,3,2,7,5,0,2,1,0,7,4,1,1
445,3,2,7,1,5,0,0,0,10,0,2,2,1,2,2,0,2,0,3,7,1,6,1
446,2,3,7,1,4,1,0,1,2,1,0,3,2,7,5,0,2,1,0,7,4,6,1
447,4,2,7,1,8,1,0,1,2,1,0,3,3,5,5,0,2,1,0,7,4,3,1
448,2,3,0,1,8,1,0,1,2,1,0,3,2,5,5,0,2,1,0,7,4,1,1
449,4,3,7,1,4,1,0,1,2,1,0,2,2,7,7,0,2,1,0,7,4,1,1
450,4,2,0,1,4,1,0,1,2,1,0,3,2,7,5,0,2,1,0,7,4,1,1
451,3,2,7,1,4,1,0,1,2,1,0,3,3,7,7,0,2,1,0,7,4,3,1
452,2,0,8,1,6,1,1,0,10,0,0,3,3,7,7,0,2,2,4,7,3,0,0
453,4,3,0,1,8,1,0,1,2,1,0,2,3,7,7,0,2,1,0,7,4,6,1
454,3,3,0,1,4,1,0,1,2,1,0,3,2,5,5,0,2,1,0,7,4,3,1
455,4,3,7,1,3,1,0,1,2,1,0,3,2,5,5,0,2,1,0,7,4,6,1
456,4,3,7,1,8,1,0,1,2,1,0,2,2,7,7,0,2,1,0,7,4,1,1
457,4,2,0,1,8,1,0,1,2,1,0,3,3,5,5,0,2,1,0,7,4,1,1
458,4,0,8,1,6,1,1,0,4,0,0,3,3,7,7,0,2,2,4,7,3,0,0
459,4,3,0,1,4,1,0,1,2,1,0,3,3,5,5,0,2,1,0,7,4,3,1
460,4,2,0,1,8,1,0,1,2,1,0,2,3,5,5,0,2,1,0,7,4,1,1
461,4,3,0,1,8,1,0,1,2,1,0,2,2,7,7,0,2,1,0,7,4,1,1
462,4,3,7,1,8,1,0,1,2,1,0,3,3,7,7,0,2,1,0,7,4,6,1
463,2,3,0,1,3,1,0,1,2,1,0,2,2,7,5,0,2,1,0,7,4,1,1
464,2,2,7,1,8,1,0,1,2,1,0,3,3,5,5,0,2,1,0,7,4,1,1
465,3,3,7,1,3,1,0,1,2,1,0,2,2,5,7,0,2,1,0,7,4,3,1
466,4,2,0,1,4,1,0,1,2,1,0,3,3,5,5,0,2,1,0,7,4,6,1
467,0,3,0,1,6,1,0,0,10,0,1,1,1,0,0,0,2,2,4,7,5,6,1
468,3,3,0,1,4,1,0,1,2,1,0,3,3,5,7,0,2,1,0,7,4,3,1
469,4,2,7,1,4,1,0,1,2,1,0,2,2,5,7,0,2,1,0,7,4,6,1
470,2,3,0,1,6,1,0,0,10,0,1,1,1,0,0,0,2,2,4,7,5,6,1
471,3,3,0,1,4,1,0,1,2,1,0,2,2,7,5,0,2,1,0,7,4,6,1
472,4,3,0,1,3,1,0,1,2,1,0,3,3,7,7,0,2,1,0,7,4,1,1
473,3,2,0,1,8,1,0,1,2,1,0,2,2,7,7,0,2,1,0,7,4,3,1
474,2,3,0,1,8,1,0,1,2,1,0,3,3,5,5,0,2,1,0,7,4,3,1
475,4,0,8,1,6,1,1,0,10,0,0,3,3,7,7,0,2,2,4,7,3,0,0
476,3,2,7,1,4,1,0,1,2,1,0,2,2,7,7,0,2,1,0,7,4,6,1
477,2,3,7,1,3,1,0,1,2,1,0,3,2,5,7,0,2,1,0,7,4,3,1
478,2,3,0,1,4,1,0,1,2,1,0,2,3,7,7,0,2,1,0,7,4,1,1
479,3,3,0,1,4,1,0,1,2,1,0,2,3,7,7,0,2,1,0,7,4,3,1
480,4,3,0,1,3,1,0,1,2,1,0,2,2,7,7,0,2,1,0,7,4,1,1
481,4,3,7,1,4,1,0,1,2,1,0,2,3,7,7,0,2,1,0,7,4,3,1
482,4,3,7,1,8,1,0,1,2,1,0,2,3,5,7,0,2,1,0,7,4,1,1
483,2,3,7,1,4,1,0,1,2,1,0,2,2,7,5,0,2,1,0,7,4,6,1
484,0,3,0,1,6,1,0,0,10,0,1,1,1,0,0,0,2,2,4,7,5,3,1
485,4,3,7,1,3,1,0,1,2,1,0,2,3,5,7,0,2,1,0,7,4,3,1
486,2,3,0,1,4,1,0,1,2,1,0,3,3,7,7,0,2,1,0,7,4,3,1
487,2,2,7,1,4,1,0,1,2,1,0,2,2,7,7,0,2,1,0,7,4,3,1
488,3,3,7,1,8,1,0,1,2,1,0,3,3,5,5,0,2,1,0,7,4,1,1
489,0,3,0,1,6,0,0,0,1,0,0,3,3,4,4,0,0,1,4,1,1,1,0
490,4,3,3,1,6,1,1,0,7,0,0,2,2,7,7,0,2,2,4,7,2,0,0
491,4,2,7,1,5,1,0,0,11,0,2,2,1,2,2,0,2,0,3,7,1,6,1
492,4,2,7,1,3,1,0,1,2,1,0,2,3,7,5,0,2,1,0,7,4,1,1
493,3,3,7,1,3,1,0,1,2,1,0,2,2,5,5,0,2,1,0,7,4,6,1
494,4,3,0,1,6,0,0,0,11,0,0,3,3,4,4,0,1,1,4,5,1,1,0
495,3,2,7,1,8,1,0,1,2,1,0,2,3,5,7,0,2,1,0,7,4,6,1
496,4,2,7,1,8,1,0,1,2,1,0,3,2,7,5,0,2,1,0,7,4,6,1
497,4,0,8,1,6,1,1,0,7,0,0,2,3,7,7,0,2,2,4,7,3,0,0
498,2,3,3,1,6,1,1,0,10,0,0,3,2,7,7,0,2,2,4,7,3,0,0
499,4,3,0,1,6,0,0,0,11,0,0,3,3,4,4,0,1,1,4,5,4,1,0
500,4,2,7,1,8,1,0,1,2,1,0,3,3,7,7,0,2,1,0,7,4,6,1
501,4,2,0,1,8,1,0,1,2,1,0,2,3,7,5,0,2,1,0,7,4,1,1
502,4,3,7,1,8,1,0,1,2,1,0,2,3,7,7,0,2,1,0,7,4,3,1
503,2,3,8,1,6,1,1,0,10,0,0,2,2,7,7,0,2,2,4,7,3,0,0
504,4,3,8,1,6,1,1,0,4,0,0,2,2,7,7,0,2,2,4,7,2,0,0
505,4,3,8,1,6,1,1,0,7,0,0,2,3,7,7,0,2,2,4,7,3,0,0
506,4,3,7,1,4,1,0,1,2,1,0,2,3,5,7,0,2,1,0,7,4,1,1
507,2,3,7,1,8,1,0,1,2,1,0,3,3,5,7,0,2,1,0,7,4,3,1
508,4,3,3,1,6,1,1,0,10,0,0,3,2,7,7,0,2,2,4,7,3,0,0
509,2,0,8,1,6,1,1,0,4,0,0,3,2,7,7,0,2,2,4,7,3,0,0
510,4,2,7,1,4,1,0,1,2,1,0,3,2,7,7,0,2,1,0,7,4,6,1
511,0,3,8,1,6,1,1,0,4,0,0,3,3,7,7,0,2,2,4,7,3,0,0
512,4,3,7,1,8,1,0,1,2,1,0,3,3,7,5,0,2,1,0,7,4,3,1
513,3,3,0,1,4,1,0,1,2,1,0,3,2,7,7,0,2,1,0,7,4,3,1
514,3,2,0,1,4,1,0,1,2,1,0,3,2,5,5,0,2,1,0,7,4,6,1
515,4,3,3,1,6,1,1,0,7,0,0,3,2,7,7,0,2,2,4,7,3,0,0
516,2,3,8,1,6,1,1,0,10,0,0,3,3,7,7,0,2,2,4,7,2,0,0
517,3,2,7,1,3,1,0,1,2,1,0,3,3,7,5,0,2,1,0,7,4,3,1
518,2,3,7,1,4,1,0,1,2,1,0,3,3,7,7,0,2,1,0,7,4,6,1
519,2,0,8,1,6,1,1,0,4,0,0,2,2,7,7,0,2,2,4,7,3,0,0
520,4,0,8,1,6,1,1,0,4,0,0,2,2,7,7,0,2,2,4,7,2,0,0
521,3,3,7,1,8,1,0,1,2,1,0,2,2,5,7,0,2,1,0,7,4,6,1
522,3,3,3,0,6,1,0,0,10,0,1,3,3,7,7,0,2,2,4,7,4,3,1
523,4,3,7,1,3,1,0,1,2,1,0,2,3,7,5,0,2,1,0,7,4,6,1
524,2,3,0,1,3,1,0,1,2,1,0,3,2,7,5,0,2,1,0,7,4,3,1
525,4,3,0,1,6,0,0,0,11,0,0,3,3,4,4,0,0,1,4,2,1,1,0
526,2,3,0,1,6,0,0,0,1,0,0,3,3,4,4,0,1,1,4,1,1,1,0
527,4,2,7,1,8,1,0,1,2,1,0,2,3,7,7,0,2,1,0,7,4,1,1
528,2,3,7,1,3,1,0,1,2,1,0,2,3,5,7,0,2,1,0,7,4,6,1
529,2,3,0,1,8,1,0,1,2,1,0,2,3,7,5,0,2,1,0,7,4,6,1
530,4,3,7,1,3,1,0,1,2,1,0,2,2,7,7,0,2,1,0,7,4,6,1
531,2,3,0,1,3,1,0,1,2,1,0,3,2,7,7,0,2,1,0,7,4,1,1
532,4,0,8,1,6,1,1,0,4,0,0,2,3,7,7,0,2,2,4,7,2,0,0
533,4,3,0,1,6,0,0,0,6,0,0,3,3,4,4,0,0,1,4,1,1,1,0
534,4,2,2,1,5,1,0,0,10,0,2,2,1,2,2,0,2,0,3,7,1,6,1
535,2,0,3,1,6,1,1,0,4,0,0,3,3,7,7,0,2,2,4,7,3,0,0
536,2,3,0,1,6,0,0,0,1,0,0,3,3,4,4,0,1,1,4,5,4,1,0
537,2,3,0,1,6,0,0,0,11,0,0,3,3,4,4,0,1,1,4,2,4,1,0
538,4,2,7,1,8,1,0,1,2,1,0,2,3,7,5,0,2,1,0,7,4,3,1
539,4,0,8,1,6,1,1,0,7,0,0,3,3,7,7,0,2,2,4,7,2,0,0
540,2,0,3,1,6,1,1,0,4,0,0,2,3,7,7,0,2,2,4,7,3,0,0
541,3,3,0,1,6,0,0,0,6,0,0,3,3,4,4,0,1,1,4,1,4,1,0
542,4,2,0,1,3,1,0,1,2,1,0,2,2,7,5,0,2,1,0,7,4,6,1
543,4,2,0,1,8,1,0,1,2,1,0,2,3,5,7,0,2,1,0,7,4,1,1
544,3,2,0,1,8,1,0,1,2,1,0,2,3,7,7,0,2,1,0,7,4,6,1
545,3,2,7,1,3,1,0,1,2,1,0,2,3,7,5,0,2,1,0,7,4,3,1
546,4,0,3,1,6,1,1,0,7,0,0,3,2,7,7,0,2,2,4,7,2,0,0
547,3,2,7,1,8,1,0,1,2,1,0,2,2,7,5,0,2,1,0,7,4,6,1
548,3,2,0,1,8,1,0,1,2,1,0,2,3,7,5,0,2,1,0,7,4,3,1
549,4,3,7,1,8,1,0,1,2,1,0,2,3,5,5,0,2,1,0,7,4,1,1
550,4,3,3,1,6,1,1,0,10,0,0,2,2,7,7,0,2,2,4,7,3,0,0
551,0,3,0,1,6,0,0,0,11,0,0,3,3,4,4,0,0,1,4,8,1,1,0
552,4,2,0,1,4,1,0,1,2,1,0,2,2,7,7,0,2,1,0,7,4,1,1
553,2,3,0,1,8,1,0,1,2,1,0,2,3,5,5,0,2,1,0,7,4,3,1
554,0,3,0,1,6,0,0,0,6,0,0,3,3,4,4,0,0,1,4,5,4,1,0
555,4,3,0,1,3,1,0,1,2,1,0,2,3,7,7,0,2,1,0,7,4,6,1
556,4,3,0,1,3,1,0,1,2,1,0,2,2,5,7,0,2,1,0,7,4,3,1
557,4,3,7,1,8,1,0,1,2,1,0,3,2,7,7,0,2,1,0,7,4,1,1
558,3,3,7,1,8,1,0,1,2,1,0,3,3,7,5,0,2,1,0,7,4,3,1
559,2,3,7,1,8,1,0,1,2,1,0,3,3,5,5,0,2,1,0,7,4,3,1
560,2,3,7,1,3,1,0,1,2,1,0,3,3,7,7,0,2,1,0,7,4,6,1
561,2,3,0,1,8,1,0,1,2,1,0,3,3,5,7,0,2,1,0,7,4,6,1
562,4,2,0,1,3,1,0,1,2,1,0,3,2,7,7,0,2,1,0,7,4,6,1
563,2,3,5,0,6,1,0,0,10,0,1,3,3,7,7,0,2,2,4,7,5,3,1
564,3,3,7,1,3,1,0,1,2,1,0,3,2,7,5,0,2,1,0,7,4,6,1
565,2,2,0,1,5,0,0,0,10,0,2,2,1,2,2,0,2,0,3,7,1,6,1
566,4,3,0,1,4,1,0,1,2,1,0,3,3,7,7,0,2,1,0,7,4,1,1
567,4,3,3,1,6,1,1,0,4,0,0,2,2,7,7,0,2,2,4,7,3,0,0
568,4,3,0,1,4,1,0,1,2,1,0,2,3,5,7,0,2,1,0,7,4,6,1
569,3,2,0,1,3,1,0,1,2,1,0,2,2,5,7,0,2,1,0,7,4,3,1
570,4,3,0,1,8,1,0,1,2,1,0,3,2,5,7,0,2,1,0,7,4,3,1
571,4,2,7,1,3,1,0,1,2,1,0,3,2,5,7,0,2,1,0,7,4,6,1
572,3,2,7,1,4,1,0,1,2,1,0,2,3,5,7,0,2,1,0,7,4,6,1
573,3,3,2,0,6,1,0,0,10,0,1,3,3,7,7,0,2,2,4,7,5,3,1
574,3,2,0,1,4,1,0,1,2,1,0,3,2,5,7,0,2,1,0,7,4,1,1
575,4,3,7,1,4,1,0,1,2,1,0,3,2,7,5,0,2,1,0,7,4,6,1
576,2,3,7,1,3,1,0,1,2,1,0,2,3,5,5,0,2,1,0,7,4,1,1
577,3,2,7,1,3,1,0,1,2,1,0,2,2,5,5,0,2,1,0,7,4,1,1
578,2,3,0,1,4,1,0,1,2,1,0,3,3,5,7,0,2,1,0,7,4,3,1
579,3,3,0,1,6,0,0,0,11,0,0,3,3,4,4,0,0,1,4,1,1,1,0
580,3,3,7,1,8,1,0,1,2,1,0,3,2,5,5,0,2,1,0,7,4,6,1
581,2,2,7,1,8,1,0,1,2,1,0,3,2,5,7,0,2,1,0,7,4,3,1
582,2,2,7,1,4,1,0,1,2,1,0,3,2,7,7,0,2,1,0,7,4,6,1
583,2,3,7,1,8,1,0,1,2,1,0,2,2,5,5,0,2,1,0,7,4,3,1
584,4,3,7,1,4,1,0,1,2,1,0,2,2,5,5,0,2,1,0,7,4,1,1
585,2,3,7,1,3,1,0,1,2,1,0,3,3,7,5,0,2,1,0,7,4,1,1
586,0,0,3,1,6,1,1,0,10,0,0,2,3,7,7,0,2,2,4,7,3,0,0
587,4,2,7,1,8,1,0,1,2,1,0,2,3,5,7,0,2,1,0,7,4,3,1
588,4,3,7,1,8,1,0,1,2,1,0,3,2,5,7,0,2,1,0,7,4,1,1
589,4,0,3,1,6,1,1,0,4,0,0,3,3,7,7,0,2,2,4,7,2,0,0
590,3,3,0,1,6,0,0,0,1,0,0,3,3,4,4,0,0,1,4,1,4,1,0
591,3,2,0,1,5,1,0,0,10,0,2,2,1,2,2,0,2,0,3,7,1,6,1
592,4,3,7,1,8,1,0,1,2,1,0,3,2,7,5,0,2,1,0,7,4,6,1
593,3,3,0,1,4,1,0,1,2,1,0,2,2,7,7,0,2,1,0,7,4,1,1
594,4,2,0,1,4,1,0,1,2,1,0,2,2,7,5,0,2,1,0,7,4,3,1
595,4,3,7,1,3,1,0,1,2,1,0,3,3,7,5,0,2,1,0,7,4,1,1
596,4,2,0,1,3,1,0,1,2,1,0,3,3,7,7,0,2,1,0,7,4,3,1
597,4,2,0,1,3,1,0,1,2,1,0,3,2,7,5,0,2,1,0,7,4,1,1
598,2,0,3,1,6,1,1,0,4,0,0,2,2,7,7,0,2,2,4,7,2,0,0
599,4,2,7,1,4,1,0,1,2,1,0,2,2,7,5,0,2,1,0,7,4,3,1
600,2,2,2,1,5,0,0,0,11,0,2,2,1,2,2,0,2,0,3,7,1,6,1
601,4,2,7,1,8,1,0,1,2,1,0,2,2,7,5,0,2,1,0,7,4,3,1
602,4,2,7,1,8,1,0,1,2,1,0,2,2,5,7,0,2,1,0,7,4,1,1
603,0,3,8,1,6,1,1,0,7,0,0,3,2,7,7,0,2,2,4,7,3,0,0
604,4,3,0,1,3,1,0,1,2,1,0,2,2,5,7,0,2,1,0,7,4,6,1
605,2,3,7,1,3,1,0,1,2,1,0,3,2,5,5,0,2,1,0,7,4,3,1
606,3,2,0,1,4,1,0,1,2,1,0,2,3,5,7,0,2,1,0,7,4,1,1
607,3,3,7,1,3,1,0,1,2,1,0,2,2,5,5,0,2,1,0,7,4,3,1
608,4,2,7,1,4,1,0,1,2,1,0,3,2,5,7,0,2,1,0,7,4,6,1
609,4,2,7,1,4,1,0,1,2,1,0,2,3,7,5,0,2,1,0,7,4,6,1
610,0,0,8,1,6,1,1,0,10,0,0,3,3,7,7,0,2,2,4,7,2,0,0
611,4,2,0,1,5,0,0,0,10,0,2,2,1,2,2,0,2,0,3,7,1,6,1
612,3,2,7,1,3,1,0,1,2,1,0,2,3,5,7,0,2,1,0,7,4,6,1
613,4,3,0,1,4,1,0,1,2,1,0,3,2,7,5,0,2,1,0,7,4,3,1
614,4,2,0,1,4,1,0,1,2,1,0,2,3,7,5,0,2,1,0,7,4,3,1
615,2,3,7,1,8,1,0,1,2,1,0,2,2,7,7,0,2,1,0,7,4,1,1
616,2,2,3,0,6,1,0,0,10,0,1,3,3,7,7,0,2,2,4,7,4,3,1
617,3,3,0,1,3,1,0,1,2,1,0,2,3,5,7,0,2,1,0,7,4,6,1
618,4,2,7,1,3,1,0,1,2,1,0,2,3,7,7,0,2,1,0,7,4,3,1
619,4,0,8,1,6,1,1,0,10,0,0,2,2,7,7,0,2,2,4,7,2,0,0
620,2,3,0,1,8,1,0,1,2,1,0,2,3,5,5,0,2,1,0,7,4,6,1
621,4,2,0,1,3,1,0,1,2,1,0,3,3,5,7,0,2,1,0,7,4,6,1
622,2,3,7,1,8,1,0,1,2,1,0,3,3,5,7,0,2,1,0,7,4,6,1
623,4,3,8,1,6,1,1,0,10,0,0,3,2,7,7,0,2,2,4,7,2,0,0
624,3,2,0,1,8,1,0,1,2,1,0,3,3,7,5,0,2,1,0,7,4,3,1
625,4,3,7,1,8,1,0,1,2,1,0,2,2,7,5,0,2,1,0,7,4,3,1
626,4,3,7,1,3,1,0,1,2,1,0,2,2,7,7,0,2,1,0,7,4,3,1
627,3,2,7,1,4,1,0,1,2,1,0,3,2,5,5,0,2,1,0,7,4,1,1
628,3,3,0,1,6,0,0,0,1,0,0,3,3,4,4,0,0,1,4,8,4,1,0
629,3,2,0,1,3,1,0,1,2,1,0,2,2,5,7,0,2,1,0,7,4,6,1
630,4,2,7,1,3,1,0,1,2,1,0,3,3,5,7,0,2,1,0,7,4,6,1
631,4,3,7,1,3,1,0,1,2,1,0,3,2,7,7,0,2,1,0,7,4,6,1
632,4,3,7,1,4,1,0,1,2,1,0,3,2,5,7,0,2,1,0,7,4,1,1
633,0,3,0,1,6,0,0,0,6,0,0,3,3,4,4,0,1,1,4,2,4,1,0
634,4,3,3,1,6,1,1,0,7,0,0,2,2,7,7,0,2,2,4,7,3,0,0
635,2,3,0,1,6,0,0,0,1,0,0,3,3,4,4,0,1,1,4,1,4,1,0
636,2,0,3,1,6,1,1,0,7,0,0,2,2,7,7,0,2,2,4,7,2,0,0
637,4,3,7,1,3,1,0,1,2,1,0,3,3,7,5,0,2,1,0,7,4,6,1
638,3,2,7,1,4,1,0,1,2,1,0,3,2,7,5,0,2,1,0,7,4,6,1
639,4,3,0,1,8,1,0,1,2,1,0,2,2,5,7,0,2,1,0,7,4,6,1
640,4,3,0,1,3,1,0,1,2,1,0,2,3,5,7,0,2,1,0,7,4,3,1
641,0,3,8,1,6,1,1,0,7,0,0,2,3,7,7,0,2,2,4,7,2,0,0
642,3,3,0,1,8,1,0,1,2,1,0,3,3,5,5,0,2,1,0,7,4,6,1
643,0,0,3,1,6,1,1,0,7,0,0,3,2,7,7,0,2,2,4,7,2,0,0
644,2,3,0,1,4,1,0,1,2,1,0,2,3,7,7,0,2,1,0,7,4,6,1
645,2,2,7,1,4,1,0,1,2,1,0,3,2,7,7,0,2,1,0,7,4,1,1
646,3,2,2,1,5,1,0,0,10,0,2,2,1,2,2,0,2,0,3,7,1,6,1
647,3,3,0,1,8,1,0,1,2,1,0,3,3,7,5,0,2,1,0,7,4,6,1
648,2,2,7,1,8,1,0,1,2,1,0,3,3,5,7,0,2,1,0,7,4,1,1
649,3,3,0,1,8,1,0,1,2,1,0,2,2,7,7,0,2,1,0,7,4,1,1
650,3,2,7,1,4,1,0,1,2,1,0,2,3,7,5,0,2,1,0,7,4,3,1
651,3,3,7,1,4,1,0,1,2,1,0,2,2,7,5,0,2,1,0,7,4,1,1
652,2,3,7,1,8,1,0,1,2,1,0,2,2,7,7,0,2,1,0,7,4,6,1
653,4,3,3,1,6,1,1,0,10,0,0,2,3,7,7,0,2,2,4,7,3,0,0
654,2,3,7,1,3,1,0,1,2,1,0,3,3,5,7,0,2,1,0,7,4,3,1
655,4,3,0,1,3,1,0,1,2,1,0,2,3,7,5,0,2,1,0,7,4,1,1
656,4,2,7,1,8,1,0,1,2,1,0,2,3,7,5,0,2,1,0,7,4,1,1
657,2,3,0,1,3,1,0,1,2,1,0,2,2,7,5,0,2,1,0,7,4,3,1
658,0,3,3,1,6,1,1,0,4,0,0,3,2,7,7,0,2,2,4,7,2,0,0
659,2,3,0,1,8,1,0,1,2,1,0,3,3,7,5,0,2,1,0,7,4,1,1
660,3,3,7,1,8,1,0,1,2,1,0,3,3,7,7,0,2,1,0,7,4,6,1
661,4,3,0,1,8,1,0,1,2,1,0,3,3,5,7,0,2,1,0,7,4,6,1
662,0,3,3,1,6,1,1,0,10,0,0,3,3,7,7,0,2,2,4,7,3,0,0
663,2,3,0,1,3,1,0,1,2,1,0,2,2,5,5,0,2,1,0,7,4,3,1
664,3,2,7,1,3,1,0,1,2,1,0,3,2,7,7,0,2,1,0,7,4,3,1
665,3,3,7,1,3,1,0,1,2,1,0,3,2,5,7,0,2,1,0,7,4,6,1
666,3,2,0,1,5,1,0,0,11,0,2,2,1,2,2,0,2,0,3,7,1,6,1
667,0,0,3,1,6,1,1,0,4,0,0,2,3,7,7,0,2,2,4,7,3,0,0
668,3,3,7,1,4,1,0,1,2,1,0,2,2,5,5,0,2,1,0,7,4,3,1
669,4,3,0,1,4,1,0,1,2,1,0,3,2,5,5,0,2,1,0,7,4,1,1
670,4,3,3,1,6,1,1,0,7,0,0,3,2,7,7,0,2,2,4,7,2,0,0
671,4,2,0,1,4,1,0,1,2,1,0,2,2,5,5,0,2,1,0,7,4,1,1
672,2,3,7,1,8,1,0,1,2,1,0,2,2,5,5,0,2,1,0,7,4,1,1
673,0,3,0,1,6,0,0,0,11,0,0,3,3,4,4,0,1,1,4,8,1,1,0
674,4,2,0,1,4,1,0,1,2,1,0,3,2,5,7,0,2,1,0,7,4,1,1
675,3,2,0,1,8,1,0,1,2,1,0,2,2,7,7,0,2,1,0,7,4,1,1
676,2,3,0,1,6,0,0,0,1,0,0,3,3,4,4,0,0,1,4,2,1,1,0
677,4,3,0,1,4,1,0,1,2,1,0,2,2,5,7,0,2,1,0,7,4,1,1
678,4,3,0,1,4,1,0,1,2,1,0,2,2,5,5,0,2,1,0,7,4,6,1
679,4,3,0,1,8,1,0,1,2,1,0,2,3,5,5,0,2,1,0,7,4,3,1
680,4,3,0,1,8,1,0,1,2,1,0,3,3,5,7,0,2,1,0,7,4,3,1
681,3,2,2,0,6,1,0,0,10,0,1,3,3,7,7,0,2,2,4,7,5,3,1
682,3,3,0,1,6,0,0,0,1,0,0,3,3,4,4,0,0,1,4,1,1,1,0
683,0,3,8,1,6,1,1,0,4,0,0,2,2,7,7,0,2,2,4,7,2,0,0
684,4,3,7,1,8,1,0,1,2,1,0,3,3,5,5,0,2,1,0,7,4,3,1
685,0,3,3,1,6,1,1,0,10,0,0,3,3,7,7,0,2,2,4,7,2,0,0
686,4,2,7,1,3,1,0,1,2,1,0,2,2,5,7,0,2,1,0,7,4,3,1
687,4,2,0,1,8,1,0,1,2,1,0,3,3,7,7,0,2,1,0,7,4,6,1
688,2,3,0,1,6,0,0,0,6,0,0,3,3,4,4,0,1,1,4,8,1,1,0
689,2,3,7,1,3,1,0,1,2,1,0,2,3,7,7,0,2,1,0,7,4,3,1
690,2,3,0,1,4,1,0,1,2,1,0,2,3,5,5,0,2,1,0,7,4,6,1
691,3,3,7,1,3,1,0,1,2,1,0,2,3,7,7,0,2,1,0,7,4,1,1
692,3,2,7,1,8,1,0,1,2,1,0,3,3,5,5,0,2,1,0,7,4,3,1
693,2,2,7,1,8,1,0,1,2,1,0,2,3,5,5,0,2,1,0,7,4,3,1
694,4,3,7,1,4,1,0,1,2,1,0,2,2,7,7,0,2,1,0,7,4,6,1
695,4,2,0,1,6,1,0,0,10,0,1,1,1,0,0,0,2,2,4,7,5,6,1
696,3,3,7,1,4,1,0,1,2,1,0,3,3,7,7,0,2,1,0,7,4,6,1
697,4,3,0,1,8,1,0,1,2,1,0,2,2,5,7,0,2,1,0,7,4,3,1
698,3,2,0,1,3,1,0,1,2,1,0,3,3,7,7,0,2,1,0,7,4,3,1
699,3,3,7,1,4,1,0,1,2,1,0,2,3,5,5,0,2,1,0,7,4,6,1
700,4,0,3,1,6,1,1,0,10,0,0,3,3,7,7,0,2,2,4,7,2,0,0
701,4,3,0,1,4,1,0,1,2,1,0,3,2,7,5,0,2,1,0,7,4,6,1
702,0,0,8,1,6,1,1,0,7,0,0,2,3,7,7,0,2,2,4,7,3,0,0
703,4,3,7,1,3,1,0,1,2,1,0,2,2,5,7,0,2,1,0,7,4,1,1
704,2,3,3,1,6,1,1,0,7,0,0,2,2,7,7,0,2,2,4,7,2,0,0
705,4,3,0,1,6,0,0,0,11,0,0,3,3,4,4,0,1,1,4,8,1,1,0
706,4,3,7,1,4,1,0,1,2,1,0,2,3,7,5,0,2,1,0,7,4,3,1
707,4,2,0,1,4,1,0,1,2,1,0,3,3,7,5,0,2,1,0,7,4,1,1
708,4,0,3,1,6,1,1,0,4,0,0,2,2,7,7,0,2,2,4,7,2,0,0
709,2,3,0,1,3,1,0,1,2,1,0,3,3,5,5,0,2,1,0,7,4,1,1
710,4,2,0,1,8,1,0,1,2,1,0,3,3,7,5,0,2,1,0,7,4,1,1
711,2,0,8,1,6,1,1,0,4,0,0,2,3,7,7,0,2,2,4,7,2,0,0
712,4,2,7,1,4,1,0,1,2,1,0,2,3,5,7,0,2,1,0,7,4,3,1
713,4,3,7,1,4,1,0,1,2,1,0,2,3,5,5,0,2,1,0,7,4,1,1
714,4,3,7,1,4,1,0,1,2,1,0,2,2,5,7,0,2,1,0,7,4,1,1
715,4,2,7,1,8,1,0,1,2,1,0,2,3,7,7,0,2,1,0,7,4,3,1
716,4,2,0,1,8,1,0,1,2,1,0,3,3,5,7,0,2,1,0,7,4,3,1
717,4,3,3,1,6,1,1,0,4,0,0,2,2,7,7,0,2,2,4,7,2,0,0
718,4,2,0,1,4,1,0,1,2,1,0,2,2,5,5,0,2,1,0,7,4,3,1
719,4,3,7,1,4,1,0,1,2,1,0,3,3,7,5,0,2,1,0,7,4,1,1
720,2,3,3,1,6,1,1,0,10,0,0,3,2,7,7,0,2,2,4,7,2,0,0
721,3,3,0,1,6,0,0,0,11,0,0,3,3,4,4,0,1,1,4,8,4,1,0
722,4,3,3,1,6,1,1,0,4,0,0,2,3,7,7,0,2,2,4,7,2,0,0
723,2,3,7,1,8,1,0,1,2,1,0,2,3,7,5,0,2,1,0,7,4,3,1
724,4,3,0,1,4,1,0,1,2,1,0,3,3,7,7,0,2,1,0,7,4,6,1
725,4,3,0,1,8,1,0,1,2,1,0,3,2,7,5,0,2,1,0,7,4,3,1
726,2,3,3,1,6,1,1,0,7,0,0,2,3,7,7,0,2,2,4,7,3,0,0
727,4,2,7,1,8,1,0,1,2,1,0,2,2,5,5,0,2,1,0,7,4,3,1
728,3,3,0,1,6,0,0,0,1,0,0,3,3,4,4,0,1,1,4,8,4,1,0
729,4,3,8,1,6,1,1,0,10,0,0,2,2,7,7,0,2,2,4,7,2,0,0
730,3,2,7,1,5,1,0,0,11,0,2,2,1,2,2,0,2,0,3,7,1,6,1
731,0,3,3,1,6,1,1,0,4,0,0,2,2,7,7,0,2,2,4,7,3,0,0
732,3,2,0,1,3,1,0,1,2,1,0,3,2,7,7,0,2,1,0,7,4,3,1
733,0,3,0,1,6,0,0,0,6,0,0,3,3,4,4,0,0,1,4,2,1,1,0
734,0,3,3,1,6,1,1,0,10,0,0,2,3,7,7,0,2,2,4,7,2,0,0
735,4,3,0,1,6,0,0,0,1,0,0,3,3,4,4,0,1,1,4,8,1,1,0
736,0,3,3,1,6,1,1,0,7,0,0,2,2,7,7,0,2,2,4,7,2,0,0
737,4,3,0,1,4,1,0,1,2,1,0,2,3,7,7,0,2,1,0,7,4,1,1
738,4,2,0,1,3,1,0,1,2,1,0,3,2,5,7,0,2,1,0,7,4,3,1
739,3,3,0,1,6,0,0,0,1,0,0,3,3,4,4,0,0,1,4,5,1,1,0
740,4,3,7,1,3,1,0,1,2,1,0,2,2,5,5,0,2,1,0,7,4,3,1
741,3,3,7,1,3,1,0,1,2,1,0,3,2,7,5,0,2,1,0,7,4,3,1
742,4,3,0,1,3,1,0,1,2,1,0,3,2,5,5,0,2,1,0,7,4,1,1
743,4,3,0,1,8,1,0,1,2,1,0,3,2,7,5,0,2,1,0,7,4,1,1
744,0,3,0,1,6,0,0,0,11,0,0,3,3,4,4,0,1,1,4,8,4,1,0
745,4,0,3,1,6,1,1,0,10,0,0,2,2,7,7,0,2,2,4,7,3,0,0
746,0,3,0,1,6,0,0,0,6,0,0,3,3,4,4,0,1,1,4,5,1,1,0
747,4,3,0,1,8,1,0,1,2,1,0,2,3,5,7,0,2,1,0,7,4,1,1
748,4,2,7,1,8,1,0,1,2,1,0,3,2,7,5,0,2,1,0,7,4,1,1
749,4,2,7,1,3,1,0,1,2,1,0,2,3,5,5,0,2,1,0,7,4,3,1
750,4,3,0,1,3,1,0,1,2,1,0,3,3,5,5,0,2,1,0,7,4,1,1
751,3,3,0,1,6,0,0,0,1,0,0,3,3,4,4,0,1,1,4,1,1,1,0
752,4,3,7,1,3,1,0,1,2,1,0,3,3,7,7,0,2,1,0,7,4,6,1
753,2,3,0,1,6,0,0,0,6,0,0,3,3,4,4,0,1,1,4,5,4,1,0
754,4,3,0,1,3,1,0,1,2,1,0,2,2,7,5,0,2,1,0,7,4,6,1
755,4,3,8,1,6,1,1,0,7,0,0,3,3,7,7,0,2,2,4,7,3,0,0
756,4,2,7,1,4,1,0,1,2,1,0,3,3,7,5,0,2,1,0,7,4,6,1
757,4,2,0,1,4,1,0,1,2,1,0,2,2,5,7,0,2,1,0,7,4,6,1
758,4,0,3,1,6,1,1,0,4,0,0,3,3,7,7,0,2,2,4,7,3,0,0
759,3,3,0,1,3,1,0,1,2,1,0,2,3,5,7,0,2,1,0,7,4,3,1
760,2,3,3,1,6,1,1,0,10,0,0,3,3,7,7,0,2,2,4,7,2,0,0
761,4,2,0,1,4,1,0,1,2,1,0,3,2,5,7,0,2,1,0,7,4,3,1
762,3,3,7,1,4,1,0,1,2,1,0,3,2,5,5,0,2,1,0,7,4,6,1
763,2,0,8,1,6,1,1,0,7,0,0,2,2,7,7,0,2,2,4,7,2,0,0
764,4,2,0,1,8,1,0,1,2,1,0,2,3,7,7,0,2,1,0,7,4,1,1
765,3,2,0,1,5,0,0,0,10,0,2,2,1,2,2,0,2,0,3,7,1,6,1
766,0,0,3,1,6,1,1,0,10,0,0,3,3,7,7,0,2,2,4,7,2,0,0
767,4,2,7,1,3,1,0,1,2,1,0,2,2,7,5,0,2,1,0,7,4,3,1
768,2,2,7,1,8,1,0,1,2,1,0,2,3,5,5,0,2,1,0,7,4,6,1
769,4,3,7,1,3,1,0,1,2,1,0,2,2,7,5,0,2,1,0,7,4,1,1
770,4,0,3,1,6,1,1,0,4,0,0,3,2,7,7,0,2,2,4,7,2,0,0
771,4,0,8,1,6,1,1,0,7,0,0,3,3,7,7,0,2,2,4,7,3,0,0
772,4,2,7,1,8,1,0,1,2,1,0,3,2,7,7,0,2,1,0,7,4,6,1
773,4,3,3,1,6,1,1,0,4,0,0,3,3,7,7,0,2,2,4,7,2,0,0
774,4,3,0,1,4,1,0,1,2,1,0,3,2,5,7,0,2,1,0,7,4,6,1
775,4,2,0,1,3,1,0,1,2,1,0,3,3,5,7,0,2,1,0,7,4,1,1
776,4,3,8,1,6,1,1,0,10,0,0,2,3,7,7,0,2,2,4,7,3,0,0
777,4,2,7,1,3,1,0,1,2,1,0,2,2,5,7,0,2,1,0,7,4,1,1
778,0,3,8,1,6,1,1,0,10,0,0,2,3,7,7,0,2,2,4,7,3,0,0
779,4,3,0,1,3,1,0,1,2,1,0,3,2,5,5,0,2,1,0,7,4,6,1
780,2,3,8,1,6,1,1,0,10,0,0,3,2,7,7,0,2,2,4,7,2,0,0
781,0,3,0,1,6,0,0,0,1,0,0,3,3,4,4,0,1,1,4,1,4,1,0
782,4,3,0,1,8,1,0,1,2,1,0,2,3,7,5,0,2,1,0,7,4,6,1
783,4,2,7,1,4,1,0,1,2,1,0,3,2,5,7,0,2,1,0,7,4,3,1
784,2,0,8,1,6,1,1,0,10,0,0,3,3,7,7,0,2,2,4,7,2,0,0
785,2,2,7,1,5,0,0,0,11,0,2,2,1,2,2,0,2,0,3,7,1,6,1
786,4,3,7,1,3,1,0,1,2,1,0,2,2,5,7,0,2,1,0,7,4,3,1
787,4,3,0,1,4,1,0,1,2,1,0,2,2,7,7,0,2,1,0,7,4,1,1
788,4,2,0,1,3,1,0,1,2,1,0,3,3,5,7,0,2,1,0,7,4,3,1
789,4,3,7,1,4,1,0,1,2,1,0,3,2,7,7,0,2,1,0,7,4,6,1
790,4,3,0,1,6,0,0,0,6,0,0,3,3,4,4,0,0,1,4,2,1,1,0
791,4,2,0,1,4,1,0,1,2,1,0,2,3,5,7,0,2,1,0,7,4,1,1
792,3,2,0,1,6,1,0,0,10,0,1,1,1,0,0,0,2,2,4,7,5,6,1
793,4,3,3,1,6,1,1,0,10,0,0,3,3,7,7,0,2,2,4,7,2,0,0
794,3,2,7,1,3,1,0,1,2,1,0,2,2,7,5,0,2,1,0,7,4,1,1
795,4,2,9,1,6,1,1,1,11,0,2,1,1,8,8,0,3,1,0,7,1,1,1
796,4,2,7,1,3,1,0,1,2,1,0,3,3,5,7,0,2,1,0,7,4,3,1
797,4,3,7,1,8,1,0,1,2,1,0,2,2,5,5,0,2,1,0,7,4,1,1
798,4,2,7,1,8,1,0,1,2,1,0,3,2,5,5,0,2,1,0,7,4,1,1
799,0,3,0,1,6,0,0,0,6,0,0,3,3,4,4,0,0,1,4,1,1,1,0
800,2,3,3,0,6,1,0,0,10,0,1,3,3,7,7,0,2,2,4,7,5,3,1
801,4,3,3,1,6,1,1,0,7,0,0,2,3,7,7,0,2,2,4,7,2,0,0
802,3,2,7,1,8,1,0,1,2,1,0,3,2,5,7,0,2,1,0,7,4,3,1
803,4,3,7,1,8,1,0,1,2,1,0,2,2,7,7,0,2,1,0,7,4,3,1
804,4,2,7,1,8,1,0,1,2,1,0,3,3,7,7,0,2,1,0,7,4,1,1
805,0,0,8,1,6,1,1,0,10,0,0,2,2,7,7,0,2,2,4,7,2,0,0
806,3,3,0,1,6,0,0,0,1,0,0,3,3,4,4,0,1,1,4,5,1,1,0
807,4,3,0,1,3,1,0,1,2,1,0,2,2,7,7,0,2,1,0,7,4,3,1
808,4,3,7,1,4,1,0,1,2,1,0,3,3,5,7,0,2,1,0,7,4,6,1
809,2,0,8,1,6,1,1,0,4,0,0,2,3,7,7,0,2,2,4,7,3,0,0
810,4,2,7,1,3,1,0,1,2,1,0,3,2,7,7,0,2,1,0,7,4,1,1
811,2,0,8,1,6,1,1,0,4,0,0,3,3,7,7,0,2,2,4,7,3,0,0
812,4,2,7,1,3,1,0,1,2,1,0,3,3,7,5,0,2,1,0,7,4,1,1
813,4,2,0,1,8,1,0,1,2,1,0,3,2,7,7,0,2,1,0,7,4,3,1
814,2,3,3,1,6,1,1,0,7,0,0,2,3,7,7,0,2,2,4,7,2,0,0
815,2,3,8,1,6,1,1,0,4,0,0,3,2,7,7,0,2,2,4,7,2,0,0
816,4,2,0,1,4,1,0,1,2,1,0,2,2,7,7,0,2,1,0,7,4,6,1
817,4,3,0,1,4,1,0,1,2,1,0,2,3,7,5,0,2,1,0,7,4,1,1
818,4,3,7,1,8,1,0,1,2,1,0,2,3,5,7,0,2,1,0,7,4,6,1
819,0,0,8,1,6,1,1,0,7,0,0,2,2,7,7,0,2,2,4,7,2,0,0
820,3,3,0,1,4,1,0,1,2,1,0,3,2,5,7,0,2,1,0,7,4,3,1
821,4,3,7,1,3,1,0,1,2,1,0,2,2,5,7,0,2,1,0,7,4,6,1
822,4,3,0,1,4,1,0,1,2,1,0,3,3,5,5,0,2,1,0,7,4,1,1
823,2,2,0,1,5,1,0,0,11,0,2,2,1,2,2,0,2,0,3,7,1,6,1
824,4,2,0,1,4,1,0,1,2,1,0,2,3,7,5,0,2,1,0,7,4,1,1
825,3,3,0,1,6,0,0,0,6,0,0,3,3,4,4,0,0,1,4,8,1,1,0
826,2,2,7,1,4,1,0,1,2,1,0,3,3,5,7,0,2,1,0,7,4,6,1
827,3,3,0,1,6,0,0,0,11,0,0,3,3,4,4,0,0,1,4,8,4,1,0
828,0,3,8,1,6,1,1,0,4,0,0,3,3,7,7,0,2,2,4,7,2,0,0
829,0,3,3,1,6,1,1,0,7,0,0,3,3,7,7,0,2,2,4,7,2,0,0
830,4,2,7,1,8,1,0,1,2,1,0,2,2,7,5,0,2,1,0,7,4,1,1
831,4,3,0,1,3,1,0,1,2,1,0,2,2,7,7,0,2,1,0,7,4,6,1
832,4,3,7,1,4,1,0,1,2,1,0,3,3,5,7,0,2,1,0,7,4,3,1
833,4,3,7,1,3,1,0,1,2,1,0,2,2,5,5,0,2,1,0,7,4,6,1
834,0,0,8,1,6,1,1,0,4,0,0,3,3,7,7,0,2,2,4,7,3,0,0
835,4,3,3,1,6,1,1,0,7,0,0,3,3,7,7,0,2,2,4,7,2,0,0
836,3,2,7,1,5,1,0,0,10,0,2,2,1,2,2,0,2,0,3,7,1,6,1
837,4,2,0,1,4,1,0,1,2,1,0,3,3,7,5,0,2,1,0,7,4,6,1
838,4,2,0,1,4,1,0,1,2,1,0,3,2,5,5,0,2,1,0,7,4,3,1
839,3,3,7,1,3,1,0,1,2,1,0,3,3,7,7,0,2,1,0,7,4,6,1
840,2,3,0,1,8,1,0,1,2,1,0,3,2,5,5,0,2,1,0,7,4,6,1
841,4,2,0,1,8,1,0,1,2,1,0,2,2,5,5,0,2,1,0,7,4,3,1
842,4,2,2,1,5,1,0,0,11,0,2,2,1,2,2,0,2,0,3,7,1,6,1
843,4,2,0,1,8,1,0,1,2,1,0,3,2,5,7,0,2,1,0,7,4,6,1
844,4,3,8,1,6,1,1,0,4,0,0,3,3,7,7,0,2,2,4,7,2,0,0
845,3,2,0,1,3,1,0,1,2,1,0,2,2,7,5,0,2,1,0,7,4,1,1
846,0,0,3,1,6,1,1,0,7,0,0,3,3,7,7,0,2,2,4,7,3,0,0
847,3,3,7,1,4,1,0,1,2,1,0,3,2,7,7,0,2,1,0,7,4,6,1
848,4,3,7,1,3,1,0,1,2,1,0,2,2,5,5,0,2,1,0,7,4,1,1
849,4,3,3,1,6,1,1,0,7,0,0,2,3,7,7,0,2,2,4,7,3,0,0
850,2,3,3,1,6,1,1,0,7,0,0,3,3,7,7,0,2,2,4,7,3,0,0
851,4,3,7,1,3,1,0,1,2,1,0,2,3,7,5,0,2,1,0,7,4,1,1
852,4,3,0,1,6,0,0,0,1,0,0,3,3,4,4,0,0,1,4,8,1,1,0
853,3,2,5,0,6,1,0,0,10,0,1,3,3,7,7,0,2,2,4,7,5,3,1
854,0,3,8,1,6,1,1,0,4,0,0,3,2,7,7,0,2,2,4,7,2,0,0
855,3,2,0,1,8,1,0,1,2,1,0,3,2,5,7,0,2,1,0,7,4,1,1
856,3,3,7,1,4,1,0,1,2,1,0,2,2,7,5,0,2,1,0,7,4,3,1
857,4,3,7,1,4,1,0,1,2,1,0,3,3,5,5,0,2,1,0,7,4,1,1
858,4,0,3,1,6,1,1,0,7,0,0,3,3,7,7,0,2,2,4,7,2,0,0
859,2,0,8,1,6,1,1,0,7,0,0,2,2,7,7,0,2,2,4,7,3,0,0
860,2,3,2,0,6,1,0,0,10,0,1,3,3,7,7,0,2,2,4,7,5,3,1
861,4,0,3,1,6,1,1,0,10,0,0,3,3,7,7,0,2,2,4,7,3,0,0
862,4,3,7,1,3,1,0,1,2,1,0,3,3,5,7,0,2,1,0,7,4,1,1
863,4,2,7,1,3,1,0,1,2,1,0,3,3,7,5,0,2,1,0,7,4,3,1
864,4,3,0,1,3,1,0,1,2,1,0,3,3,7,5,0,2,1,0,7,4,3,1
865,2,2,7,1,4,1,0,1,2,1,0,3,2,7,5,0,2,1,0,7,4,3,1
866,4,3,0,1,6,0,0,0,6,0,0,3,3,4,4,0,1,1,4,5,1,1,0
867,3,2,9,1,6,1,1,1,10,0,2,1,1,8,8,0,3,1,0,7,1,1,1
868,2,2,2,1,5,0,0,0,10,0,2,2,1,2,2,0,2,0,3,7,1,6,1
869,2,3,0,1,3,1,0,1,2,1,0,3,3,7,7,0,2,1,0,7,4,6,1
870,2,2,5,0,6,1,0,0,10,0,1,3,3,7,7,0,2,2,4,7,4,3,1
871,4,2,0,1,8,1,0,1,2,1,0,3,2,5,5,0,2,1,0,7,4,3,1
872,4,3,3,1,6,1,1,0,4,0,0,3,2,7,7,0,2,2,4,7,2,0,0
873,0,3,3,1,6,1,1,0,7,0,0,3,2,7,7,0,2,2,4,7,3,0,0
874,4,3,7,1,4,1,0,1,2,1,0,2,3,5,7,0,2,1,0,7,4,3,1
875,2,3,0,1,6,0,0,0,6,0,0,3,3,4,4,0,0,1,4,2,4,1,0
876,0,3,0,1,6,0,0,0,6,0,0,3,3,4,4,0,0,1,4,2,4,1,0
877,3,3,0,0,6,1,0,0,10,0,1,3,3,7,7,0,2,2,4,7,5,3,1
878,4,3,3,1,6,1,1,0,4,0,0,3,3,7,7,0,2,2,4,7,3,0,0
879,3,3,0,1,3,1,0,1,2,1,0,2,3,5,5,0,2,1,0,7,4,6,1
880,4,3,0,1,4,1,0,1,2,1,0,3,3,7,5,0,2,1,0,7,4,6,1
881,3,2,0,1,8,1,0,1,2,1,0,2,3,5,5,0,2,1,0,7,4,1,1
882,4,2,7,1,3,1,0,1,2,1,0,2,3,7,5,0,2,1,0,7,4,6,1
883,4,3,0,1,4,1,0,1,2,1,0,2,3,5,5,0,2,1,0,7,4,1,1
884,4,3,7,1,3,1,0,1,2,1,0,2,3,7,7,0,2,1,0,7,4,3,1
885,0,3,8,1,6,1,1,0,10,0,0,2,3,7,7,0,2,2,4,7,2,0,0
886,4,2,0,1,5,1,0,0,11,0,2,2,1,2,2,0,2,0,3,7,1,6,1
887,4,2,7,1,3,1,0,1,2,1,0,3,3,7,5,0,2,1,0,7,4,6,1
888,4,3,0,1,6,0,0,0,6,0,0,3,3,4,4,0,1,1,4,8,4,1,0
889,4,3,7,1,4,1,0,1,2,1,0,3,2,5,7,0,2,1,0,7,4,3,1
890,0,3,8,1,6,1,1,0,10,0,0,2,2,7,7,0,2,2,4,7,3,0,0
891,2,3,3,1,6,1,1,0,7,0,0,2,2,7,7,0,2,2,4,7,3,0,0
892,4,3,0,1,8,1,0,1,2,1,0,3,2,7,7,0,2,1,0,7,4,1,1
893,4,2,0,1,3,1,0,1,2,1,0,3,3,5,5,0,2,1,0,7,4,3,1
894,4,3,0,1,4,1,0,1,2,1,0,3,2,7,7,0,2,1,0,7,4,6,1
895,4,2,7,1,4,1,0,1,2,1,0,3,3,5,5,0,2,1,0,7,4,3,1
896,4,3,7,1,8,1,0,1,2,1,0,2,2,7,5,0,2,1,0,7,4,1,1
897,4,2,0,1,3,1,0,1,2,1,0,3,2,7,7,0,2,1,0,7,4,3,1
898,0,3,3,1,6,1,1,0,7,0,0,2,2,7,7,0,2,2,4,7,3,0,0
899,4,2,7,1,3,1,0,1,2,1,0,3,2,5,5,0,2,1,0,7,4,3,1
900,0,0,8,1,6,1,1,0,4,0,0,3,2,7,7,0,2,2,4,7,3,0,0
901,1,2,9,1,6,1,1,1,11,0,2,1,1,8,8,0,3,1,0,7,1,1,1
902,2,3,0,1,8,1,0,1,2,1,0,3,2,7,5,0,2,1,0,7,4,3,1
903,4,2,7,1,3,1,0,1,2,1,0,2,2,5,5,0,2,1,0,7,4,1,1
904,2,3,3,1,6,1,1,0,4,0,0,3,3,7,7,0,2,2,4,7,3,0,0
905,0,3,0,1,6,0,0,0,1,0,0,3,3,4,4,0,0,1,4,8,4,1,0
906,4,2,7,1,3,1,0,1,2,1,0,3,2,5,5,0,2,1,0,7,4,1,1
907,0,3,0,1,6,0,0,0,6,0,0,3,3,4,4,0,1,1,4,1,1,1,0
908,4,2,7,1,3,1,0,1,2,1,0,3,3,5,7,0,2,1,0,7,4,1,1
909,4,2,7,1,4,1,0,1,2,1,0,2,2,5,5,0,2,1,0,7,4,1,1
910,4,3,7,1,3,1,0,1,2,1,0,3,3,7,7,0,2,1,0,7,4,3,1
911,0,3,3,1,6,1,1,0,7,0,0,3,3,7,7,0,2,2,4,7,3,0,0
912,4,3,0,1,6,0,0,0,1,0,0,3,3,4,4,0,1,1,4,1,1,1,0
913,0,3,0,1,6,0,0,0,11,0,0,3,3,4,4,0,0,1,4,1,4,1,0
914,2,3,0,1,4,1,0,1,2,1,0,3,2,7,5,0,2,1,0,7,4,6,1
915,2,3,3,0,6,1,0,0,10,0,1,3,3,7,7,0,2,2,4,7,4,3,1
916,2,0,3,1,6,1,1,0,10,0,0,2,3,7,7,0,2,2,4,7,3,0,0
917,4,3,0,1,8,1,0,1,2,1,0,2,3,5,5,0,2,1,0,7,4,1,1
918,4,0,3,1,6,1,1,0,7,0,0,2,3,7,7,0,2,2,4,7,2,0,0
919,4,3,0,1,4,1,0,1,2,1,0,2,3,7,5,0,2,1,0,7,4,3,1
920,4,2,7,1,3,1,0,1,2,1,0,3,3,5,5,0,2,1,0,7,4,6,1
921,4,2,0,1,8,1,0,1,2,1,0,3,3,5,7,0,2,1,0,7,4,6,1
922,3,3,5,0,6,1,0,0,10,0,1,3,3,7,7,0,2,2,4,7,5,3,1
923,4,2,0,1,4,1,0,1,2,1,0,2,3,7,5,0,2,1,0,7,4,6,1
924,4,2,7,1,4,1,0,1,2,1,0,3,3,5,7,0,2,1,0,7,4,3,1
925,3,3,0,1,6,0,0,0,11,0,0,3,3,4,4,0,0,1,4,2,1,1,0
926,4,2,7,1,4,1,0,1,2,1,0,2,2,5,7,0,2,1,0,7,4,1,1
927,4,2,0,1,3,1,0,1,2,1,0,2,2,7,7,0,2,1,0,7,4,6,1
928,4,2,0,1,3,1,0,1,2,1,0,2,2,5,5,0,2,1,0,7,4,6,1
929,3,2,0,1,8,1,0,1,2,1,0,3,2,7,7,0,2,1,0,7,4,3,1
930,4,3,7,1,4,1,0,1,2,1,0,2,2,5,5,0,2,1,0,7,4,3,1
931,4,2,7,1,8,1,0,1,2,1,0,2,2,5,5,0,2,1,0,7,4,1,1
932,2,3,0,1,6,0,0,0,1,0,0,3,3,4,4,0,1,1,4,5,1,1,0
933,3,3,7,1,8,1,0,1,2,1,0,2,3,7,5,0,2,1,0,7,4,3,1
934,4,3,3,1,6,1,1,0,7,0,0,3,3,7,7,0,2,2,4,7,3,0,0
935,4,3,7,1,8,1,0,1,2,1,0,3,3,5,5,0,2,1,0,7,4,1,1
936,4,3,7,1,3,1,0,1,2,1,0,3,2,5,7,0,2,1,0,7,4,1,1
937,3,3,0,1,6,0,0,0,1,0,0,3,3,4,4,0,1,1,4,5,4,1,0
938,4,3,0,1,8,1,0,1,2,1,0,3,2,5,5,0,2,1,0,7,4,1,1
939,2,0,3,1,6,1,1,0,7,0,0,3,2,7,7,0,2,2,4,7,3,0,0
940,4,3,0,1,6,0,0,0,1,0,0,3,3,4,4,0,1,1,4,5,4,1,0
941,3,3,7,1,8,1,0,1,2,1,0,3,3,5,5,0,2,1,0,7,4,3,1
942,4,3,0,1,8,1,0,1,2,1,0,3,3,7,7,0,2,1,0,7,4,6,1
943,3,2,0,0,6,1,0,0,10,0,1,3,3,7,7,0,2,2,4,7,5,3,1
944,2,0,3,1,6,1,1,0,4,0,0,3,2,7,7,0,2,2,4,7,2,0,0
945,4,3,8,1,6,1,1,0,10,0,0,2,3,7,7,0,2,2,4,7,2,0,0
946,0,3,0,1,6,0,0,0,1,0,0,3,3,4,4,0,0,1,4,2,1,1,0
947,4,2,7,1,8,1,0,1,2,1,0,2,2,7,7,0,2,1,0,7,4,3,1
948,4,2,7,1,3,1,0,1,2,1,0,3,3,7,7,0,2,1,0,7,4,1,1
949,4,2,0,1,6,1,0,0,10,0,1,1,1,0,0,0,2,2,4,7,5,3,1
950,2,0,3,1,6,1,1,0,7,0,0,2,2,7,7,0,2,2,4,7,3,0,0
951,4,3,0,1,4,1,0,1,2,1,0,2,2,7,7,0,2,1,0,7,4,3,1
952,4,2,7,1,4,1,0,1,2,1,0,3,2,5,5,0,2,1,0,7,4,1,1
953,4,2,0,1,4,1,0,1,2,1,0,3,2,7,7,0,2,1,0,7,4,6,1
954,3,2,0,1,4,1,0,1,2,1,0,3,2,7,5,0,2,1,0,7,4,1,1
955,3,3,0,1,6,0,0,0,11,0,0,3,3,4,4,0,0,1,4,2,4,1,0
956,3,2,7,1,4,1,0,1,2,1,0,3,3,7,5,0,2,1,0,7,4,6,1
957,4,3,0,1,8,1,0,1,2,1,0,3,2,5,5,0,2,1,0,7,4,3,1
958,4,3,0,1,4,1,0,1,2,1,0,3,2,7,5,0,2,1,0,7,4,1,1
959,0,3,0,1,6,0,0,0,1,0,0,3,3,4,4,0,1,1,4,8,1,1,0
960,2,0,3,1,6,1,1,0,4,0,0,2,3,7,7,0,2,2,4,7,2,0,0
961,4,3,0,1,8,1,0,1,2,1,0,3,2,7,7,0,2,1,0,7,4,3,1
962,4,2,0,1,4,1,0,1,2,1,0,3,3,7,7,0,2,1,0,7,4,3,1
963,2,3,3,1,6,1,1,0,10,0,0,3,3,7,7,0,2,2,4,7,3,0,0
964,4,2,0,1,8,1,0,1,2,1,0,2,2,7,7,0,2,1,0,7,4,6,1
965,4,3,7,1,8,1,0,1,2,1,0,2,3,7,5,0,2,1,0,7,4,6,1
966,4,2,7,1,3,1,0,1,2,1,0,3,2,7,5,0,2,1,0,7,4,1,1
967,0,3,0,1,6,0,0,0,6,0,0,3,3,4,4,0,0,1,4,5,1,1,0
968,0,3,3,1,6,1,1,0,4,0,0,3,2,7,7,0,2,2,4,7,3,0,0
969,2,2,7,1,5,0,0,0,10,0,2,2,1,2,2,0,2,0,3,7,1,6,1
970,4,3,0,1,4,1,0,1,2,1,0,2,3,5,5,0,2,1,0,7,4,3,1
971,4,2,7,1,4,1,0,1,2,1,0,2,3,5,5,0,2,1,0,7,4,6,1
972,4,2,7,1,3,1,0,1,2,1,0,3,2,7,5,0,2,1,0,7,4,6,1
973,4,3,0,1,4,1,0,1,2,1,0,2,2,7,5,0,2,1,0,7,4,6,1
974,4,2,7,1,8,1,0,1,2,1,0,2,3,5,5,0,2,1,0,7,4,1,1
975,4,3,7,1,8,1,0,1,2,1,0,3,3,5,7,0,2,1,0,7,4,6,1
976,2,3,7,1,3,1,0,1,2,1,0,2,3,5,7,0,2,1,0,7,4,3,1
977,4,3,7,1,8,1,0,1,2,1,0,3,3,7,5,0,2,1,0,7,4,6,1
978,4,3,0,1,3,1,0,1,2,1,0,3,3,5,7,0,2,1,0,7,4,6,1
979,0,0,3,1,6,1,1,0,10,0,0,2,2,7,7,0,2,2,4,7,3,0,0
980,4,2,0,1,5,0,0,0,11,0,2,2,1,2,2,0,2,0,3,7,1,6,1
981,3,3,0,0,6,1,0,0,10,0,1,3,3,7,7,0,2,2,4,7,4,3,1
982,4,3,0,1,3,1,0,1,2,1,0,2,2,5,5,0,2,1,0,7,4,3,1
983,3,2,9,1,6,1,1,1,11,0,2,1,1,8,8,0,3,1,0,7,1,1,1
984,4,3,0,1,8,1,0,1,2,1,0,2,3,7,7,0,2,1,0,7,4,1,1
985,3,2,7,1,5,0,0,0,11,0,2,2,1,2,2,0,2,0,3,7,1,6,1
986,2,0,3,1,6,1,1,0,7,0,0,3,3,7,7,0,2,2,4,7,2,0,0
987,4,2,0,1,3,1,0,1,2,1,0,3,2,5,7,0,2,1,0,7,4,6,1
988,4,3,0,1,8,1,0,1,2,1,0,2,3,7,5,0,2,1,0,7,4,1,1
989,3,2,0,1,3,1,0,1,2,1,0,3,3,5,5,0,2,1,0,7,4,6,1
990,3,3,0,1,6,0,0,0,1,0,0,3,3,4,4,0,1,1,4,8,1,1,0
991,4,2,0,1,8,1,0,1,2,1,0,3,3,5,5,0,2,1,0,7,4,6,1
992,3,2,0,1,4,1,0,1,2,1,0,2,2,5,7,0,2,1,0,7,4,6,1
993,4,3,0,1,8,1,0,1,2,1,0,2,2,7,7,0,2,1,0,7,4,3,1
994,3,2,7,1,8,1,0,1,2,1,0,3,2,5,7,0,2,1,0,7,4,1,1
995,4,3,0,1,8,1,0,1,2,1,0,2,2,7,5,0,2,1,0,7,4,3,1
996,2,2,7,1,8,1,0,1,2,1,0,3,3,5,5,0,2,1,0,7,4,6,1
997,4,2,0,1,3,1,0,1,2,1,0,3,2,5,5,0,2,1,0,7,4,3,1
998,2,3,8,1,6,1,1,0,7,0,0,2,3,7,7,0,2,2,4,7,3,0,0
999,2,3,3,1,6,1,1,0,4,0,0,3,2,7,7,0,2,2,4,7,3,0,0
1000,2,0,8,1,6,1,1,0,10,0,0,2,2,7,7,0,2,2,4,7,3,0,0
1001,4,3,0,1,8,1,0,1,2,1,0,2,3,5,7,0,2,1,0,7,4,6,1
1002,4,3,7,1,4,1,0,1,2,1,0,2,2,7,5,0,2,1,0,7,4,6,1
1003,4,2,7,1,3,1,0,1,2,1,0,3,2,5,7,0,2,1,0,7,4,3,1
1004,4,3,7,1,4,1,0,1,2,1,0,3,3,5,5,0,2,1,0,7,4,6,1
1005,4,3,0,1,3,1,0,1,2,1,0,2,3,5,5,0,2,1,0,7,4,3,1
1006,4,2,0,1,4,1,0,1,2,1,0,2,2,7,5,0,2,1,0,7,4,1,1
1007,4,2,7,1,3,1,0,1,2,1,0,3,3,7,7,0,2,1,0,7,4,3,1
1008,4,3,0,1,3,1,0,1,2,1,0,3,2,7,7,0,2,1,0,7,4,6,1
1009,4,3,7,1,8,1,0,1,2,1,0,3,2,7,7,0,2,1,0,7,4,6,1
1010,3,3,0,1,6,0,0,0,6,0,0,3,3,4,4,0,0,1,4,5,1,1,0
1011,3,3,0,1,8,1,0,1,2,1,0,3,3,7,7,0,2,1,0,7,4,6,1
1012,4,3,0,1,8,1,0,1,2,1,0,2,2,5,7,0,2,1,0,7,4,1,1
1013,2,3,3,1,6,1,1,0,4,0,0,2,3,7,7,0,2,2,4,7,2,0,0
1014,2,0,8,1,6,1,1,0,7,0,0,3,3,7,7,0,2,2,4,7,2,0,0
1015,4,2,0,1,8,1,0,1,2,1,0,3,3,7,5,0,2,1,0,7,4,6,1
1016,2,3,0,1,6,0,0,0,1,0,0,3,3,4,4,0,0,1,4,5,1,1,0
1017,4,2,0,1,8,1,0,1,2,1,0,2,2,7,5,0,2,1,0,7,4,1,1
1018,4,2,0,1,8,1,0,1,2,1,0,3,3,5,7,0,2,1,0,7,4,1,1
1019,4,2,0,1,8,1,0,1,2,1,0,3,3,7,5,0,2,1,0,7,4,3,1
1020,4,2,7,1,8,1,0,1,2,1,0,2,3,5,7,0,2,1,0,7,4,1,1
1021,4,3,0,1,4,1,0,1,2,1,0,2,2,5,5,0,2,1,0,7,4,1,1
1022,0,3,0,1,6,0,0,0,11,0,0,3,3,4,4,0,0,1,4,2,1,1,0
1023,3,3,0,1,6,0,0,0,6,0,0,3,3,4,4,0,1,1,4,1,1,1,0
1024,0,3,8,1,6,1,1,0,4,0,0,2,2,7,7,0,2,2,4,7,3,0,0
1025,4,3,0,1,3,1,0,1,2,1,0,2,2,5,7,0,2,1,0,7,4,1,1
1026,2,3,0,1,6,0,0,0,1,0,0,3,3,4,4,0,0,1,4,1,1,1,0
1027,4,2,0,1,8,1,0,1,2,1,0,2,3,5,7,0,2,1,0,7,4,6,1
1028,0,0,3,1,6,1,1,0,4,0,0,2,2,7,7,0,2,2,4,7,3,0,0
1029,0,3,3,1,6,1,1,0,7,0,0,2,3,7,7,0,2,2,4,7,2,0,0
1030,2,3,0,1,8,1,0,1,2,1,0,2,2,7,5,0,2,1,0,7,4,6,1
1031,2,3,0,1,6,0,0,0,1,0,0,3,3,4,4,0,1,1,4,2,1,1,0
1032,2,3,8,1,6,1,1,0,7,0,0,3,2,7,7,0,2,2,4,7,2,0,0
1033,2,3,0,1,6,1,0,0,10,0,1,1,1,0,0,0,2,2,4,7,5,3,1
1034,4,3,3,1,6,1,1,0,4,0,0,3,2,7,7,0,2,2,4,7,3,0,0
1035,2,3,8,1,6,1,1,0,4,0,0,2,2,7,7,0,2,2,4,7,2,0,0
1036,3,2,2,1,5,1,0,0,11,0,2,2,1,2,2,0,2,0,3,7,1,6,1
1037,2,3,0,1,6,0,0,0,11,0,0,3,3,4,4,0,1,1,4,8,1,1,0
1038,4,3,7,1,3,1,0,1,2,1,0,3,2,5,5,0,2,1,0,7,4,1,1
1039,4,2,7,1,8,1,0,1,2,1,0,3,2,5,7,0,2,1,0,7,4,1,1
1040,2,3,8,1,6,1,1,0,7,0,0,2,3,7,7,0,2,2,4,7,2,0,0
1041,4,0,8,1,6,1,1,0,4,0,0,2,2,7,7,0,2,2,4,7,3,0,0
1042,0,0,3,1,6,1,1,0,7,0,0,2,3,7,7,0,2,2,4,7,3,0,0
1043,4,3,0,1,6,0,0,0,1,0,0,3,3,4,4,0,1,1,4,2,4,1,0
1044,4,2,0,1,4,1,0,1,2,1,0,3,3,5,5,0,2,1,0,7,4,3,1
1045,3,2,7,1,8,1,0,1,2,1,0,2,2,5,5,0,2,1,0,7,4,3,1
1046,4,3,7,1,8,1,0,1,2,1,0,3,2,5,5,0,2,1,0,7,4,1,1
1047,4,3,0,1,6,0,0,0,11,0,0,3,3,4,4,0,0,1,4,1,4,1,0
1048,3,3,5,0,6,1,0,0,10,0,1,3,3,7,7,0,2,2,4,7,4,3,1
1049,4,2,0,1,4,1,0,1,2,1,0,2,2,7,7,0,2,1,0,7,4,3,1
1050,0,3,8,1,6,1,1,0,4,0,0,2,3,7,7,0,2,2,4,7,3,0,0
1051,4,3,7,1,3,1,0,1,2,1,0,3,3,7,5,0,2,1,0,7,4,3,1
1052,4,3,8,1,6,1,1,0,7,0,0,2,2,7,7,0,2,2,4,7,3,0,0
1053,4,2,0,1,8,1,0,1,2,1,0,3,2,5,5,0,2,1,0,7,4,1,1
1054,4,3,0,1,8,1,0,1,2,1,0,3,3,5,7,0,2,1,0,7,4,1,1
1055,3,3,0,1,6,0,0,0,11,0,0,3,3,4,4,0,1,1,4,2,1,1,0
1056,4,3,0,1,3,1,0,1,2,1,0,2,2,7,5,0,2,1,0,7,4,1,1
1057,4,2,7,1,4,1,0,1,2,1,0,2,2,5,5,0,2,1,0,7,4,6,1
1058,2,3,0,1,6,0,0,0,1,0,0,3,3,4,4,0,0,1,4,8,4,1,0
1059,2,0,8,1,6,1,1,0,4,0,0,2,2,7,7,0,2,2,4,7,2,0,0
1060,2,0,3,1,6,1,1,0,10,0,0,2,3,7,7,0,2,2,4,7,2,0,0
1061,2,3,0,1,6,0,0,0,1,0,0,3,3,4,4,0,0,1,4,2,4,1,0
1062,4,3,0,1,3,1,0,1,2,1,0,3,3,5,5,0,2,1,0,7,4,3,1
1063,4,2,7,1,3,1,0,1,2,1,0,2,2,7,7,0,2,1,0,7,4,3,1
1064,2,3,8,1,6,1,1,0,4,0,0,3,3,7,7,0,2,2,4,7,3,0,0
1065,4,2,7,1,3,1,0,1,2,1,0,2,3,5,5,0,2,1,0,7,4,6,1
1066,2,0,3,1,6,1,1,0,10,0,0,3,3,7,7,0,2,2,4,7,3,0,0
1067,4,3,0,1,8,1,0,1,2,1,0,2,2,5,5,0,2,1,0,7,4,1,1
1068,3,2,0,1,4,1,0,1,2,1,0,3,2,7,7,0,2,1,0,7,4,6,1
1069,4,3,7,1,8,1,0,1,2,1,0,2,3,7,7,0,2,1,0,7,4,6,1
1070,4,3,0,1,6,1,0,0,10,0,1,1,1,0,0,0,2,2,4,7,5,3,1
1071,4,3,7,1,3,1,0,1,2,1,0,2,3,7,7,0,2,1,0,7,4,1,1
1072,4,3,0,1,3,1,0,1,2,1,0,2,3,7,7,0,2,1,0,7,4,3,1
1073,0,3,3,1,6,1,1,0,4,0,0,3,3,7,7,0,2,2,4,7,3,0,0
1074,4,2,0,1,8,1,0,1,2,1,0,2,2,5,7,0,2,1,0,7,4,1,1
1075,4,3,0,1,4,1,0,1,2,1,0,2,3,7,7,0,2,1,0,7,4,3,1
1076,4,0,3,1,6,1,1,0,10,0,0,2,3,7,7,0,2,2,4,7,2,0,0
1077,4,2,0,1,4,1,0,1,2,1,0,3,2,5,5,0,2,1,0,7,4,1,1
1078,4,3,7,1,3,1,0,1,2,1,0,3,2,7,5,0,2,1,0,7,4,1,1
1079,4,2,0,1,8,1,0,1,2,1,0,2,3,5,5,0,2,1,0,7,4,3,1
1080,4,3,7,1,3,1,0,1,2,1,0,3,3,5,5,0,2,1,0,7,4,6,1
1081,4,0,8,1,6,1,1,0,4,0,0,3,2,7,7,0,2,2,4,7,2,0,0
1082,4,2,7,1,3,1,0,1,2,1,0,2,3,5,7,0,2,1,0,7,4,6,1
1083,4,2,7,1,8,1,0,1,2,1,0,2,2,5,7,0,2,1,0,7,4,6,1
1084,0,0,8,1,6,1,1,0,4,0,0,2,3,7,7,0,2,2,4,7,3,0,0
1085,2,3,3,1,6,1,1,0,4,0,0,3,3,7,7,0,2,2,4,7,2,0,0
1086,0,3,3,1,6,1,1,0,10,0,0,2,3,7,7,0,2,2,4,7,3,0,0
1087,4,2,7,1,8,1,0,1,2,1,0,3,2,5,5,0,2,1,0,7,4,3,1
1088,4,3,0,1,3,1,0,1,2,1,0,3,2,7,7,0,2,1,0,7,4,3,1
1089,4,2,7,1,3,1,0,1,2,1,0,2,2,7,7,0,2,1,0,7,4,6,1
1090,0,3,8,1,6,1,1,0,10,0,0,3,2,7,7,0,2,2,4,7,3,0,0
1091,3,3,7,1,4,1,0,1,2,1,0,3,3,5,7,0,2,1,0,7,4,6,1
1092,4,3,0,1,8,1,0,1,2,1,0,2,2,7,5,0,2,1,0,7,4,6,1
1093,4,3,8,1,6,1,1,0,7,0,0,3,2,7,7,0,2,2,4,7,3,0,0
1094,4,2,7,1,3,1,0,1,2,1,0,3,2,5,5,0,2,1,0,7,4,6,1
1095,4,3,7,1,4,1,0,1,2,1,0,2,3,7,7,0,2,1,0,7,4,1,1
1096,4,3,0,1,8,1,0,1,2,1,0,3,2,5,5,0,2,1,0,7,4,6,1
1097,2,3,0,0,6,1,0,0,10,0,1,3,3,7,7,0,2,2,4,7,4,3,1
1098,4,3,0,1,4,1,0,1,2,1,0,2,2,7,5,0,2,1,0,7,4,3,1
1099,4,2,7,1,4,1,0,1,2,1,0,2,2,5,5,0,2,1,0,7,4,3,1
1100,0,2,9,1,6,1,1,1,10,0,2,1,1,8,8,0,3,1,0,7,1,1,1
1101,4,2,7,1,4,1,0,1,2,1,0,2,2,7,5,0,2,1,0,7,4,1,1
1102,2,3,0,0,6,1,0,0,10,0,1,3,3,7,7,0,2,2,4,7,5,3,1
1103,4,3,7,1,4,1,0,1,2,1,0,3,3,5,5,0,2,1,0,7,4,3,1
1104,4,0,3,1,6,1,1,0,7,0,0,2,2,7,7,0,2,2,4,7,3,0,0
1105,4,3,7,1,8,1,0,1,2,1,0,3,3,5,5,0,2,1,0,7,4,6,1
1106,4,3,7,1,4,1,0,1,2,1,0,2,2,5,7,0,2,1,0,7,4,6,1
1107,4,3,0,1,3,1,0,1,2,1,0,3,3,7,5,0,2,1,0,7,4,1,1
1108,4,2,0,1,3,1,0,1,2,1,0,3,3,7,5,0,2,1,0,7,4,1,1
1109,2,0,3,1,6,1,1,0,7,0,0,2,3,7,7,0,2,2,4,7,2,0,0
1110,0,3,8,1,6,1,1,0,4,0,0,2,3,7,7,0,2,2,4,7,2,0,0
1111,4,2,7,1,8,1,0,1,2,1,0,2,3,7,5,0,2,1,0,7,4,6,1
1112,0,3,0,1,6,0,0,0,11,0,0,3,3,4,4,0,1,1,4,1,1,1,0
1113,4,2,7,1,3,1,0,1,2,1,0,2,2,5,5,0,2,1,0,7,4,3,1
1114,4,3,7,1,3,1,0,1,2,1,0,3,2,5,5,0,2,1,0,7,4,3,1
1115,0,3,3,1,6,1,1,0,4,0,0,2,3,7,7,0,2,2,4,7,3,0,0
1116,4,3,7,1,3,1,0,1,2,1,0,3,3,5,7,0,2,1,0,7,4,3,1
1117,0,3,0,1,6,0,0,0,1,0,0,3,3,4,4,0,0,1,4,5,4,1,0
1118,3,3,0,1,3,1,0,1,2,1,0,3,3,5,5,0,2,1,0,7,4,3,1
1119,4,3,7,1,3,1,0,1,2,1,0,2,3,7,7,0,2,1,0,7,4,6,1
1120,4,3,0,1,3,1,0,1,2,1,0,2,3,7,7,0,2,1,0,7,4,1,1
1121,4,2,0,1,3,1,0,1,2,1,0,3,3,5,5,0,2,1,0,7,4,1,1
1122,0,0,3,1,6,1,1,0,4,0,0,3,3,7,7,0,2,2,4,7,2,0,0
1123,4,3,8,1,6,1,1,0,4,0,0,3,3,7,7,0,2,2,4,7,3,0,0
1124,4,3,0,1,3,1,0,1,2,1,0,3,2,5,7,0,2,1,0,7,4,1,1
1125,3,2,0,1,4,1,0,1,2,1,0,2,2,5,5,0,2,1,0,7,4,6,1
1126,2,3,8,1,6,1,1,0,7,0,0,2,2,7,7,0,2,2,4,7,3,0,0
1127,2,3,0,1,6,0,0,0,6,0,0,3,3,4,4,0,1,1,4,2,1,1,0
1128,4,3,0,1,8,1,0,1,2,1,0,2,3,7,7,0,2,1,0,7,4,3,1
1129,4,2,0,1,8,1,0,1,2,1,0,3,3,7,7,0,2,1,0,7,4,1,1
1130,4,3,0,1,6,0,0,0,6,0,0,3,3,4,4,0,1,1,4,2,4,1,0
1131,0,0,8,1,6,1,1,0,10,0,0,2,2,7,7,0,2,2,4,7,3,0,0
1132,2,3,8,1,6,1,1,0,10,0,0,2,2,7,7,0,2,2,4,7,2,0,0
1133,3,2,7,1,3,1,0,1,2,1,0,3,3,5,7,0,2,1,0,7,4,3,1
1134,4,2,7,1,4,1,0,1,2,1,0,3,3,7,5,0,2,1,0,7,4,1,1
1135,2,2,7,1,5,1,0,0,11,0,2,2,1,2,2,0,2,0,3,7,1,6,1
1136,3,3,0,1,6,0,0,0,11,0,0,3,3,4,4,0,0,1,4,8,1,1,0
1137,4,3,0,1,4,1,0,1,2,1,0,3,2,5,5,0,2,1,0,7,4,6,1
1138,2,3,0,1,8,1,0,1,2,1,0,2,2,5,7,0,2,1,0,7,4,6,1
1139,4,2,7,1,8,1,0,1,2,1,0,3,2,5,7,0,2,1,0,7,4,6,1
1140,0,3,8,1,6,1,1,0,7,0,0,3,3,7,7,0,2,2,4,7,3,0,0
1141,0,3,3,1,6,1,1,0,7,0,0,2,3,7,7,0,2,2,4,7,3,0,0
1142,4,0,3,1,6,1,1,0,4,0,0,2,3,7,7,0,2,2,4,7,2,0,0
1143,4,0,3,1,6,1,1,0,7,0,0,2,2,7,7,0,2,2,4,7,2,0,0
1144,2,0,8,1,6,1,1,0,10,0,0,2,3,7,7,0,2,2,4,7,2,0,0
1145,4,2,7,1,8,1,0,1,2,1,0,2,3,5,5,0,2,1,0,7,4,3,1
1146,3,2,7,1,8,1,0,1,2,1,0,2,3,5,5,0,2,1,0,7,4,1,1
1147,4,2,7,1,8,1,0,1,2,1,0,3,3,5,7,0,2,1,0,7,4,1,1
1148,3,3,0,1,4,1,0,1,2,1,0,2,2,5,7,0,2,1,0,7,4,1,1
1149,0,3,8,1,6,1,1,0,7,0,0,2,3,7,7,0,2,2,4,7,3,0,0
1150,4,3,8,1,6,1,1,0,10,0,0,2,2,7,7,0,2,2,4,7,3,0,0
1151,0,0,8,1,6,1,1,0,7,0,0,3,3,7,7,0,2,2,4,7,2,0,0
1152,3,3,0,1,6,0,0,0,1,0,0,3,3,4,4,0,0,1,4,2,1,1,0
1153,4,2,7,1,8,1,0,1,2,1,0,3,3,5,7,0,2,1,0,7,4,6,1
1154,4,3,0,1,4,1,0,1,2,1,0,3,3,7,7,0,2,1,0,7,4,3,1
1155,4,3,0,1,3,1,0,1,2,1,0,3,2,7,5,0,2,1,0,7,4,3,1
1156,3,2,0,1,3,1,0,1,2,1,0,3,2,7,5,0,2,1,0,7,4,6,1
1157,2,3,7,1,4,1,0,1,2,1,0,2,2,5,7,0,2,1,0,7,4,1,1
1158,3,3,0,1,6,0,0,0,11,0,0,3,3,4,4,0,1,1,4,5,4,1,0
1159,4,0,8,1,6,1,1,0,10,0,0,3,2,7,7,0,2,2,4,7,3,0,0
1160,4,3,0,1,3,1,0,1,2,1,0,2,3,7,5,0,2,1,0,7,4,6,1
1161,2,3,0,1,3,1,0,1,2,1,0,2,3,7,7,0,2,1,0,7,4,6,1
1162,0,0,3,1,6,1,1,0,10,0,0,3,2,7,7,0,2,2,4,7,3,0,0
1163,4,2,0,1,8,1,0,1,2,1,0,2,2,5,5,0,2,1,0,7,4,6,1
1164,0,3,0,1,6,0,0,0,6,0,0,3,3,4,4,0,1,1,4,8,1,1,0
1165,3,3,0,1,6,0,0,0,11,0,0,3,3,4,4,0,1,1,4,1,4,1,0
1166,4,2,7,1,8,1,0,1,2,1,0,2,2,5,7,0,2,1,0,7,4,3,1
1167,4,3,7,1,8,1,0,1,2,1,0,2,2,5,5,0,2,1,0,7,4,6,1
1168,4,2,0,1,8,1,0,1,2,1,0,2,3,5,7,0,2,1,0,7,4,3,1
1169,4,2,7,1,8,1,0,1,2,1,0,3,2,7,7,0,2,1,0,7,4,3,1
1170,4,2,0,1,4,1,0,1,2,1,0,2,2,5,5,0,2,1,0,7,4,6,1
1171,2,3,3,1,6,1,1,0,10,0,0,2,2,7,7,0,2,2,4,7,3,0,0
1172,4,2,0,1,4,1,0,1,2,1,0,3,3,7,7,0,2,1,0,7,4,6,1
1173,3,2,2,0,6,1,0,0,10,0,1,3,3,7,7,0,2,2,4,7,4,3,1
1174,0,3,0,1,6,0,0,0,1,0,0,3,3,4,4,0,0,1,4,1,4,1,0
1175,4,3,7,1,3,1,0,1,2,1,0,3,2,7,7,0,2,1,0,7,4,1,1
1176,4,3,0,1,4,1,0,1,2,1,0,3,3,5,7,0,2,1,0,7,4,6,1
1177,4,2,0,1,4,1,0,1,2,1,0,3,3,7,5,0,2,1,0,7,4,3,1
1178,0,0,3,1,6,1,1,0,4,0,0,3,2,7,7,0,2,2,4,7,3,0,0
1179,4,2,0,1,8,1,0,1,2,1,0,2,2,7,7,0,2,1,0,7,4,3,1
1180,0,0,8,1,6,1,1,0,7,0,0,2,2,7,7,0,2,2,4,7,3,0,0
1181,4,3,7,1,4,1,0,1,2,1,0,3,2,5,5,0,2,1,0,7,4,1,1
1182,2,3,8,1,6,1,1,0,7,0,0,3,2,7,7,0,2,2,4,7,3,0,0
1183,4,2,7,1,4,1,0,1,2,1,0,3,2,7,7,0,2,1,0,7,4,1,1
1184,4,2,7,1,8,1,0,1,2,1,0,3,2,5,5,0,2,1,0,7,4,6,1
1185,2,3,8,1,6,1,1,0,10,0,0,2,3,7,7,0,2,2,4,7,2,0,0
1186,4,2,7,1,4,1,0,1,2,1,0,3,3,7,7,0,2,1,0,7,4,6,1
1187,4,2,0,1,8,1,0,1,2,1,0,3,2,7,5,0,2,1,0,7,4,3,1
1188,4,3,0,1,6,0,0,0,6,0,0,3,3,4,4,0,0,1,4,5,4,1,0
1189,4,3,0,1,6,0,0,0,6,0,0,3,3,4,4,0,0,1,4,1,4,1,0
1190,4,3,7,1,3,1,0,1,2,1,0,2,3,5,5,0,2,1,0,7,4,1,1
1191,4,3,7,1,8,1,0,1,2,1,0,2,3,7,5,0,2,1,0,7,4,3,1
1192,4,3,0,1,6,0,0,0,11,0,0,3,3,4,4,0,0,1,4,1,1,1,0
1193,4,3,0,1,3,1,0,1,2,1,0,3,2,5,7,0,2,1,0,7,4,6,1
1194,4,3,7,1,4,1,0,1,2,1,0,3,3,7,5,0,2,1,0,7,4,6,1
1195,4,2,7,1,8,1,0,1,2,1,0,2,2,5,5,0,2,1,0,7,4,6,1
1196,4,2,7,1,4,1,0,1,2,1,0,3,3,5,5,0,2,1,0,7,4,6,1
1197,4,2,7,1,4,1,0,1,2,1,0,3,2,7,5,0,2,1,0,7,4,1,1
1198,4,0,8,1,6,1,1,0,10,0,0,3,2,7,7,0,2,2,4,7,2,0,0
1199,0,3,0,1,6,0,0,0,6,0,0,3,3,4,4,0,1,1,4,1,4,1,0
1200,4,3,7,1,8,1,0,1,2,1,0,2,2,5,7,0,2,1,0,7,4,6,1
1201,3,3,0,1,6,0,0,0,11,0,0,3,3,4,4,0,1,1,4,2,4,1,0
1202,3,2,0,1,6,1,0,0,10,0,1,1,1,0,0,0,2,2,4,7,5,3,1
1203,4,2,7,1,3,1,0,1,2,1,0,2,3,7,7,0,2,1,0,7,4,1,1
1204,3,3,3,0,6,1,0,0,10,0,1,3,3,7,7,0,2,2,4,7,5,3,1
1205,2,3,5,0,6,1,0,0,10,0,1,3,3,7,7,0,2,2,4,7,4,3,1
1206,1,2,9,1,6,1,1,1,10,0,2,1,1,8,8,0,3,1,0,7,1,1,1
1207,4,3,7,1,4,1,0,1,2,1,0,2,3,5,5,0,2,1,0,7,4,3,1
1208,4,2,7,1,4,1,0,1,2,1,0,3,2,7,5,0,2,1,0,7,4,6,1
1209,4,2,7,1,5,0,0,0,11,0,2,2,1,2,2,0,2,0,3,7,1,6,1
1210,0,3,0,1,6,0,0,0,11,0,0,3,3,4,4,0,0,1,4,5,4,1,0
1211,4,3,0,1,8,1,0,1,2,1,0,3,2,5,7,0,2,1,0,7,4,1,1
1212,2,3,8,1,6,1,1,0,4,0,0,3,2,7,7,0,2,2,4,7,3,0,0
1213,2,3,7,1,4,1,0,1,2,1,0,3,3,7,7,0,2,1,0,7,4,1,1
1214,2,2,2,1,5,1,0,0,10,0,2,2,1,2,2,0,2,0,3,7,1,6,1
1215,3,3,0,1,8,1,0,1,2,1,0,3,3,5,5,0,2,1,0,7,4,1,1
1216,4,3,0,1,6,0,0,0,6,0,0,3,3,4,4,0,1,1,4,2,1,1,0
1217,0,2,0,1,6,1,0,0,10,0,1,1,1,0,0,0,2,2,4,7,5,6,1
1218,3,3,0,1,8,1,0,1,2,1,0,2,3,5,5,0,2,1,0,7,4,6,1
1219,4,3,0,1,3,1,0,1,2,1,0,3,3,5,7,0,2,1,0,7,4,3,1
1220,0,3,3,1,6,1,1,0,10,0,0,2,2,7,7,0,2,2,4,7,3,0,0
1221,2,2,0,0,6,1,0,0,10,0,1,3,3,7,7,0,2,2,4,7,4,3,1
1222,3,3,0,1,8,1,0,1,2,1,0,2,3,5,7,0,2,1,0,7,4,3,1
1223,4,3,0,1,6,0,0,0,6,0,0,3,3,4,4,0,0,1,4,8,1,1,0
1224,0,0,8,1,6,1,1,0,10,0,0,2,3,7,7,0,2,2,4,7,2,0,0
1225,2,0,8,1,6,1,1,0,4,0,0,3,3,7,7,0,2,2,4,7,2,0,0
1226,4,3,0,1,3,1,0,1,2,1,0,2,3,5,5,0,2,1,0,7,4,6,1
1227,2,2,0,1,5,0,0,0,11,0,2,2,1,2,2,0,2,0,3,7,1,6,1
1228,4,2,7,1,8,1,0,1,2,1,0,3,3,7,5,0,2,1,0,7,4,3,1
1229,2,3,0,1,6,0,0,0,6,0,0,3,3,4,4,0,0,1,4,2,1,1,0
1230,4,3,7,1,4,1,0,1,2,1,0,3,3,7,5,0,2,1,0,7,4,3,1
1231,2,3,7,1,8,1,0,1,2,1,0,2,3,5,5,0,2,1,0,7,4,1,1
1232,4,3,0,1,3,1,0,1,2,1,0,2,3,5,7,0,2,1,0,7,4,1,1
1233,4,2,7,1,8,1,0,1,2,1,0,2,2,7,7,0,2,1,0,7,4,6,1
1234,4,2,0,1,4,1,0,1,2,1,0,2,2,5,7,0,2,1,0,7,4,1,1
1235,4,3,7,1,4,1,0,1,2,1,0,3,2,5,5,0,2,1,0,7,4,6,1
1236,0,0,3,1,6,1,1,0,7,0,0,3,3,7,7,0,2,2,4,7,2,0,0
1237,4,3,0,1,6,0,0,0,6,0,0,3,3,4,4,0,0,1,4,8,4,1,0
1238,4,2,0,1,8,1,0,1,2,1,0,2,2,7,5,0,2,1,0,7,4,3,1
1239,4,2,9,1,6,1,1,1,10,0,2,1,1,8,8,0,3,1,0,7,1,1,1
1240,4,3,8,1,6,1,1,0,7,0,0,2,3,7,7,0,2,2,4,7,2,0,0
1241,2,3,0,1,6,0,0,0,1,0,0,3,3,4,4,0,1,1,4,8,1,1,0
1242,4,3,0,1,8,1,0,1,2,1,0,2,3,5,7,0,2,1,0,7,4,3,1
1243,4,0,3,1,6,1,1,0,7,0,0,3,2,7,7,0,2,2,4,7,3,0,0
1244,4,0,8,1,6,1,1,0,10,0,0,3,3,7,7,0,2,2,4,7,2,0,0
1245,3,3,0,1,6,0,0,0,6,0,0,3,3,4,4,0,0,1,4,2,1,1,0
1246,2,3,8,1,6,1,1,0,7,0,0,2,2,7,7,0,2,2,4,7,2,0,0
1247,0,3,3,1,6,1,1,0,10,0,0,2,2,7,7,0,2,2,4,7,2,0,0
1248,2,0,8,1,6,1,1,0,10,0,0,3,2,7,7,0,2,2,4,7,2,0,0
1249,4,0,8,1,6,1,1,0,7,0,0,2,3,7,7,0,2,2,4,7,2,0,0
1250,4,3,0,1,4,1,0,1,2,1,0,3,3,5,5,0,2,1,0,7,4,6,1
1251,4,2,7,1,8,1,0,1,2,1,0,3,3,7,5,0,2,1,0,7,4,6,1
1252,4,0,3,1,6,1,1,0,7,0,0,3,3,7,7,0,2,2,4,7,3,0,0
1253,2,3,8,1,6,1,1,0,7,0,0,3,3,7,7,0,2,2,4,7,3,0,0
1254,4,3,0,1,4,1,0,1,2,1,0,3,3,5,7,0,2,1,0,7,4,3,1
1255,4,2,0,1,8,1,0,1,2,1,0,2,3,7,5,0,2,1,0,7,4,6,1
1256,4,2,0,1,4,1,0,1,2,1,0,2,2,5,7,0,2,1,0,7,4,3,1
1257,4,3,7,1,4,1,0,1,2,1,0,2,2,7,5,0,2,1,0,7,4,3,1
1258,4,3,7,1,8,1,0,1,2,1,0,2,3,7,7,0,2,1,0,7,4,1,1
1259,0,3,0,1,6,0,0,0,11,0,0,3,3,4,4,0,1,1,4,1,4,1,0
1260,4,3,7,1,8,1,0,1,2,1,0,3,2,7,7,0,2,1,0,7,4,3,1
1261,2,3,3,1,6,1,1,0,7,0,0,3,3,7,7,0,2,2,4,7,2,0,0
1262,2,3,0,1,6,0,0,0,6,0,0,3,3,4,4,0,1,1,4,8,4,1,0
1263,0,3,8,1,6,1,1,0,10,0,0,2,2,7,7,0,2,2,4,7,2,0,0
1264,4,3,7,1,8,1,0,1,2,1,0,2,3,5,7,0,2,1,0,7,4,3,1
1265,2,3,0,1,6,0,0,0,11,0,0,3,3,4,4,0,1,1,4,1,4,1,0
1266,4,3,0,1,4,1,0,1,2,1,0,2,2,7,7,0,2,1,0,7,4,6,1
1267,4,3,7,1,4,1,0,1,2,1,0,2,3,5,5,0,2,1,0,7,4,6,1
1268,4,2,7,1,8,1,0,1,2,1,0,3,2,7,5,0,2,1,0,7,4,3,1
1269,0,0,8,1,6,1,1,0,7,0,0,3,3,7,7,0,2,2,4,7,3,0,0
1270,4,2,0,1,4,1,0,1,2,1,0,2,3,7,7,0,2,1,0,7,4,6,1
1271,4,3,7,1,8,1,0,1,2,1,0,2,2,7,5,0,2,1,0,7,4,6,1
1272,0,3,3,1,6,1,1,0,10,0,0,3,2,7,7,0,2,2,4,7,3,0,0
1273,4,3,0,1,3,1,0,1,2,1,0,2,2,5,5,0,2,1,0,7,4,6,1
1274,2,3,0,1,3,1,0,1,2,1,0,3,2,7,7,0,2,1,0,7,4,3,1
1275,4,2,7,1,4,1,0,1,2,1,0,2,3,5,7,0,2,1,0,7,4,1,1
1276,2,3,8,1,6,1,1,0,7,0,0,3,3,7,7,0,2,2,4,7,2,0,0
1277,2,3,8,1,6,1,1,0,4,0,0,2,2,7,7,0,2,2,4,7,3,0,0
1278,4,2,0,1,8,1,0,1,2,1,0,2,3,7,5,0,2,1,0,7,4,3,1
1279,4,3,0,1,6,1,0,0,10,0,1,1,1,0,0,0,2,2,4,7,5,6,1
1280,4,3,7,1,3,1,0,1,2,1,0,3,2,7,5,0,2,1,0,7,4,6,1
1281,4,2,7,1,8,1,0,1,2,1,0,3,3,7,5,0,2,1,0,7,4,1,1
1282,0,3,0,1,6,0,0,0,11,0,0,3,3,4,4,0,1,1,4,5,4,1,0
1283,0,0,3,1,6,1,1,0,10,0,0,3,2,7,7,0,2,2,4,7,2,0,0
1284,4,3,7,1,4,1,0,1,2,1,0,3,3,5,7,0,2,1,0,7,4,1,1
1285,4,3,0,1,8,1,0,1,2,1,0,3,3,7,5,0,2,1,0,7,4,1,1
1286,3,2,0,1,4,1,0,1,2,1,0,2,2,5,7,0,2,1,0,7,4,3,1
1287,3,2,0,1,4,1,0,1,2,1,0,3,2,5,7,0,2,1,0,7,4,6,1
1288,3,3,0,1,6,0,0,0,6,0,0,3,3,4,4,0,1,1,4,8,1,1,0
1289,4,2,0,1,3,1,0,1,2,1,0,3,3,7,7,0,2,1,0,7,4,6,1
1290,4,3,8,1,6,1,1,0,10,0,0,3,3,7,7,0,2,2,4,7,3,0,0
1291,0,3,0,1,6,0,0,0,11,0,0,3,3,4,4,0,1,1,4,2,1,1,0
1292,4,2,0,1,8,1,0,1,2,1,0,2,2,5,7,0,2,1,0,7,4,3,1
1293,4,3,0,1,3,1,0,1,2,1,0,2,3,7,5,0,2,1,0,7,4,3,1
1294,4,3,7,1,8,1,0,1,2,1,0,3,2,5,5,0,2,1,0,7,4,6,1
1295,4,3,8,1,6,1,1,0,7,0,0,3,2,7,7,0,2,2,4,7,2,0,0
1296,4,2,7,1,3,1,0,1,2,1,0,2,3,5,5,0,2,1,0,7,4,1,1
1297,2,3,8,1,6,1,1,0,10,0,0,3,3,7,7,0,2,2,4,7,3,0,0
1298,4,2,7,1,8,1,0,1,2,1,0,2,3,5,7,0,2,1,0,7,4,6,1
1299,4,2,7,1,8,1,0,1,2,1,0,2,2,7,5,0,2,1,0,7,4,6,1
1300,4,2,0,1,8,1,0,1,2,1,0,2,3,7,7,0,2,1,0,7,4,6,1
1301,3,2,2,1,5,0,0,0,10,0,2,2,1,2,2,0,2,0,3,7,1,6,1
1302,2,3,0,1,8,1,0,1,2,1,0,3,2,5,7,0,2,1,0,7,4,6,1
1303,4,0,3,1,6,1,1,0,10,0,0,2,3,7,7,0,2,2,4,7,3,0,0
1304,4,3,7,1,3,1,0,1,2,1,0,3,3,7,7,0,2,1,0,7,4,1,1
1305,2,2,0,1,5,1,0,0,10,0,2,2,1,2,2,0,2,0,3,7,1,6,1
1306,3,2,7,1,3,1,0,1,2,1,0,3,3,7,7,0,2,1,0,7,4,1,1
1307,4,3,0,1,6,0,0,0,1,0,0,3,3,4,4,0,0,1,4,2,1,1,0
1308,4,3,0,1,8,1,0,1,2,1,0,3,3,5,5,0,2,1,0,7,4,3,1
1309,0,0,3,1,6,1,1,0,4,0,0,3,2,7,7,0,2,2,4,7,2,0,0
1310,0,0,8,1,6,1,1,0,7,0,0,3,2,7,7,0,2,2,4,7,2,0,0
1311,2,3,0,1,6,0,0,0,11,0,0,3,3,4,4,0,1,1,4,8,4,1,0
1312,4,2,0,1,8,1,0,1,2,1,0,3,2,7,5,0,2,1,0,7,4,1,1
1313,3,3,0,1,6,0,0,0,11,0,0,3,3,4,4,0,0,1,4,5,1,1,0
1314,2,3,8,1,6,1,1,0,4,0,0,3,3,7,7,0,2,2,4,7,2,0,0
1315,4,3,7,1,8,1,0,1,2,1,0,3,3,7,7,0,2,1,0,7,4,1,1
1316,4,3,7,1,3,1,0,1,2,1,0,2,2,7,5,0,2,1,0,7,4,3,1
1317,2,3,3,1,6,1,1,0,10,0,0,2,2,7,7,0,2,2,4,7,2,0,0
1318,0,3,3,1,6,1,1,0,4,0,0,3,3,7,7,0,2,2,4,7,2,0,0
1319,4,2,0,1,4,1,0,1,2,1,0,3,2,5,5,0,2,1,0,7,4,6,1
1320,4,2,7,1,5,1,0,0,10,0,2,2,1,2,2,0,2,0,3,7,1,6,1
1321,4,2,7,1,4,1,0,1,2,1,0,3,3,7,5,0,2,1,0,7,4,3,1
1322,4,2,0,1,4,1,0,1,2,1,0,3,2,7,5,0,2,1,0,7,4,3,1
1323,2,0,8,1,6,1,1,0,7,0,0,2,3,7,7,0,2,2,4,7,3,0,0
1324,4,2,7,1,4,1,0,1,2,1,0,2,3,7,7,0,2,1,0,7,4,1,1
1325,0,3,0,1,6,0,0,0,11,0,0,3,3,4,4,0,0,1,4,2,4,1,0
1326,4,2,0,1,8,1,0,1,2,1,0,2,2,7,5,0,2,1,0,7,4,6,1
1327,4,3,0,1,8,1,0,1,2,1,0,3,3,7,5,0,2,1,0,7,4,3,1
1328,0,3,0,1,6,0,0,0,11,0,0,3,3,4,4,0,0,1,4,8,4,1,0
1329,3,3,0,1,6,0,0,0,6,0,0,3,3,4,4,0,0,1,4,1,4,1,0
1330,4,3,3,1,6,1,1,0,10,0,0,2,2,7,7,0,2,2,4,7,2,0,0
1331,3,3,0,1,6,0,0,0,11,0,0,3,3,4,4,0,1,1,4,8,1,1,0
1332,4,2,7,1,3,1,0,1,2,1,0,3,2,5,7,0,2,1,0,7,4,1,1
1333,0,3,0,1,6,0,0,0,1,0,0,3,3,4,4,0,0,1,4,2,4,1,0
1334,4,3,0,1,6,0,0,0,11,0,0,3,3,4,4,0,1,1,4,1,1,1,0
1335,4,2,7,1,3,1,0,1,2,1,0,3,2,7,7,0,2,1,0,7,4,6,1
1336,3,3,0,1,6,0,0,0,11,0,0,3,3,4,4,0,1,1,4,1,1,1,0
1337,4,3,7,1,4,1,0,1,2,1,0,2,3,7,5,0,2,1,0,7,4,6,1
1338,0,0,3,1,6,1,1,0,4,0,0,2,2,7,7,0,2,2,4,7,2,0,0
1339,4,2,0,1,3,1,0,1,2,1,0,3,3,7,5,0,2,1,0,7,4,6,1
1340,3,3,0,1,6,0,0,0,1,0,0,3,3,4,4,0,1,1,4,2,4,1,0
1341,4,3,0,1,8,1,0,1,2,1,0,2,2,7,5,0,2,1,0,7,4,1,1
1342,2,3,3,1,6,1,1,0,10,0,0,2,3,7,7,0,2,2,4,7,3,0,0
1343,2,3,3,1,6,1,1,0,4,0,0,2,2,7,7,0,2,2,4,7,3,0,0
1344,4,3,0,1,6,0,0,0,11,0,0,3,3,4,4,0,0,1,4,2,4,1,0
1345,2,3,0,1,6,0,0,0,11,0,0,3,3,4,4,0,0,1,4,2,1,1,0
1346,4,2,7,1,3,1,0,1,2,1,0,3,3,7,7,0,2,1,0,7,4,6,1
1347,2,0,3,1,6,1,1,0,10,0,0,2,2,7,7,0,2,2,4,7,2,0,0
1348,4,3,0,1,4,1,0,1,2,1,0,2,3,7,5,0,2,1,0,7,4,6,1
1349,4,2,7,1,8,1,0,1,2,1,0,2,3,5,5,0,2,1,0,7,4,6,1
1350,4,2,0,1,4,1,0,1,2,1,0,3,3,5,7,0,2,1,0,7,4,3,1
1351,4,3,7,1,4,1,0,1,2,1,0,2,3,5,7,0,2,1,0,7,4,6,1
1352,4,2,0,1,8,1,0,1,2,1,0,3,2,7,7,0,2,1,0,7,4,1,1
1353,4,2,7,1,8,1,0,1,2,1,0,3,3,5,5,0,2,1,0,7,4,1,1
1354,2,3,8,1,6,1,1,0,4,0,0,2,3,7,7,0,2,2,4,7,2,0,0
1355,4,3,0,1,8,1,0,1,2,1,0,3,3,5,5,0,2,1,0,7,4,1,1
1356,4,3,7,1,3,1,0,1,2,1,0,2,3,7,5,0,2,1,0,7,4,3,1
1357,4,3,7,1,8,1,0,1,2,1,0,3,3,7,7,0,2,1,0,7,4,3,1
1358,2,0,3,1,6,1,1,0,10,0,0,3,3,7,7,0,2,2,4,7,2,0,0
1359,2,3,0,1,6,0,0,0,6,0,0,3,3,4,4,0,1,1,4,5,1,1,0
1360,0,3,8,1,6,1,1,0,7,0,0,2,2,7,7,0,2,2,4,7,2,0,0
1361,4,3,0,1,4,1,0,1,2,1,0,3,2,7,7,0,2,1,0,7,4,1,1
1362,4,2,0,1,4,1,0,1,2,1,0,3,3,7,7,0,2,1,0,7,4,1,1
1363,4,3,0,1,8,1,0,1,2,1,0,3,3,7,5,0,2,1,0,7,4,6,1
1364,2,2,7,1,4,1,0,1,2,1,0,2,3,7,7,0,2,1,0,7,4,3,1
1365,4,2,7,1,4,1,0,1,2,1,0,2,3,5,7,0,2,1,0,7,4,6,1
1366,2,3,0,1,6,0,0,0,6,0,0,3,3,4,4,0,1,1,4,2,4,1,0
1367,2,3,3,1,6,1,1,0,4,0,0,2,3,7,7,0,2,2,4,7,3,0,0
1368,4,3,7,1,4,1,0,1,2,1,0,2,3,7,5,0,2,1,0,7,4,1,1
1369,4,2,7,1,4,1,0,1,2,1,0,2,3,5,5,0,2,1,0,7,4,1,1
1370,4,3,8,1,6,1,1,0,4,0,0,2,3,7,7,0,2,2,4,7,2,0,0
1371,0,3,0,1,6,0,0,0,11,0,0,3,3,4,4,0,1,1,4,2,4,1,0
1372,4,3,8,1,6,1,1,0,7,0,0,2,2,7,7,0,2,2,4,7,2,0,0
1373,4,3,7,1,8,1,0,1,2,1,0,3,2,5,7,0,2,1,0,7,4,6,1
1374,4,2,0,1,4,1,0,1,2,1,0,3,2,7,7,0,2,1,0,7,4,3,1
1375,4,3,7,1,3,1,0,1,2,1,0,3,3,5,5,0,2,1,0,7,4,1,1
1376,4,3,0,1,3,1,0,1,2,1,0,2,3,5,7,0,2,1,0,7,4,6,1
1377,2,3,0,1,8,1,0,1,2,1,0,2,2,5,7,0,2,1,0,7,4,1,1
1378,4,3,0,1,6,0,0,0,6,0,0,3,3,4,4,0,1,1,4,1,1,1,0
1379,4,3,0,1,4,1,0,1,2,1,0,2,3,7,7,0,2,1,0,7,4,6,1
1380,4,3,0,1,8,1,0,1,2,1,0,2,2,7,7,0,2,1,0,7,4,6,1
1381,4,2,7,1,4,1,0,1,2,1,0,3,2,5,7,0,2,1,0,7,4,1,1
1382,2,0,8,1,6,1,1,0,7,0,0,3,2,7,7,0,2,2,4,7,3,0,0
1383,3,3,7,1,3,1,0,1,2,1,0,2,3,7,5,0,2,1,0,7,4,6,1
1384,4,3,0,1,3,1,0,1,2,1,0,2,3,5,5,0,2,1,0,7,4,1,1
1385,4,3,7,1,4,1,0,1,2,1,0,3,3,7,7,0,2,1,0,7,4,6,1
1386,3,3,0,1,6,0,0,0,6,0,0,3,3,4,4,0,1,1,4,2,4,1,0
1387,2,2,0,1,6,1,0,0,10,0,1,1,1,0,0,0,2,2,4,7,5,6,1
1388,4,2,0,1,8,1,0,1,2,1,0,2,3,5,5,0,2,1,0,7,4,6,1
1389,4,3,7,1,8,1,0,1,2,1,0,2,2,5,7,0,2,1,0,7,4,1,1
1390,0,3,8,1,6,1,1,0,4,0,0,3,2,7,7,0,2,2,4,7,3,0,0
1391,4,2,0,1,8,1,0,1,2,1,0,3,3,7,7,0,2,1,0,7,4,3,1
1392,4,3,0,1,3,1,0,1,2,1,0,3,3,7,7,0,2,1,0,7,4,3,1
1393,2,3,0,1,6,0,0,0,6,0,0,3,3,4,4,0,1,1,4,1,1,1,0
1394,2,3,3,1,6,1,1,0,7,0,0,3,2,7,7,0,2,2,4,7,3,0,0
1395,2,3,3,1,6,1,1,0,4,0,0,2,2,7,7,0,2,2,4,7,2,0,0
1396,3,2,0,1,3,1,0,1,2,1,0,2,2,5,5,0,2,1,0,7,4,3,1
1397,3,2,0,1,8,1,0,1,2,1,0,3,3,7,5,0,2,1,0,7,4,6,1
1398,3,2,3,0,6,1,0,0,10,0,1,3,3,7,7,0,2,2,4,7,4,3,1
1399,4,3,7,1,3,1,0,1,2,1,0,3,3,5,7,0,2,1,0,7,4,6,1
1400,2,0,8,1,6,1,1,0,10,0,0,2,3,7,7,0,2,2,4,7,3,0,0
1401,4,2,0,1,8,1,0,1,2,1,0,3,2,5,7,0,2,1,0,7,4,3,1
1402,4,3,0,1,3,1,0,1,2,1,0,3,2,5,7,0,2,1,0,7,4,3,1
1403,2,3,7,1,4,1,0,1,2,1,0,3,2,5,7,0,2,1,0,7,4,3,1
1404,2,0,3,1,6,1,1,0,7,0,0,2,3,7,7,0,2,2,4,7,3,0,0
1405,3,3,0,1,6,0,0,0,1,0,0,3,3,4,4,0,1,1,4,1,4,1,0
1406,2,2,7,1,4,1,0,1,2,1,0,2,3,5,7,0,2,1,0,7,4,3,1
1407,0,0,8,1,6,1,1,0,10,0,0,3,3,7,7,0,2,2,4,7,3,0,0
1408,4,3,7,1,4,1,0,1,2,1,0,3,3,7,7,0,2,1,0,7,4,1,1
1409,2,0,3,1,6,1,1,0,7,0,0,3,3,7,7,0,2,2,4,7,3,0,0
1410,3,2,0,1,5,0,0,0,11,0,2,2,1,2,2,0,2,0,3,7,1,6,1
1411,2,3,0,1,6,0,0,0,11,0,0,3,3,4,4,0,0,1,4,5,4,1,0
1412,0,3,3,1,6,1,1,0,7,0,0,3,2,7,7,0,2,2,4,7,2,0,0
1413,0,3,0,1,6,0,0,0,1,0,0,3,3,4,4,0,1,1,4,5,4,1,0
1414,4,3,7,1,4,1,0,1,2,1,0,2,2,5,5,0,2,1,0,7,4,6,1
1415,3,3,0,1,6,0,0,0,6,0,0,3,3,4,4,0,1,1,4,5,4,1,0
1416,2,0,3,1,6,1,1,0,10,0,0,3,2,7,7,0,2,2,4,7,2,0,0
1417,4,3,0,1,4,1,0,1,2,1,0,3,2,7,7,0,2,1,0,7,4,3,1
1418,2,0,8,1,6,1,1,0,7,0,0,3,2,7,7,0,2,2,4,7,2,0,0
1419,3,2,5,0,6,1,0,0,10,0,1,3,3,7,7,0,2,2,4,7,4,3,1
1420,4,2,7,1,4,1,0,1,2,1,0,3,3,5,7,0,2,1,0,7,4,1,1
1421,4,0,3,1,6,1,1,0,10,0,0,3,2,7,7,0,2,2,4,7,2,0,0
1422,4,3,0,1,6,0,0,0,6,0,0,3,3,4,4,0,1,1,4,8,1,1,0
1423,4,3,0,1,4,1,0,1,2,1,0,2,2,5,7,0,2,1,0,7,4,6,1
1424,4,3,0,1,3,1,0,1,2,1,0,3,2,7,7,0,2,1,0,7,4,1,1
1425,4,3,7,1,8,1,0,1,2,1,0,3,2,7,5,0,2,1,0,7,4,3,1
1426,4,2,0,1,8,1,0,1,2,1,0,3,2,5,5,0,2,1,0,7,4,6,1
1427,4,3,0,1,6,0,0,0,6,0,0,3,3,4,4,0,0,1,4,5,1,1,0
1428,4,2,0,1,8,1,0,1,2,1,0,2,3,7,7,0,2,1,0,7,4,3,1
1429,4,0,8,1,6,1,1,0,7,0,0,3,2,7,7,0,2,2,4,7,3,0,0
1430,4,2,7,1,4,1,0,1,2,1,0,2,2,5,7,0,2,1,0,7,4,3,1
1431,3,3,0,1,6,1,0,0,10,0,1,1,1,0,0,0,2,2,4,7,5,3,1
1432,4,3,7,1,8,1,0,1,2,1,0,3,2,5,7,0,2,1,0,7,4,3,1
1433,2,0,3,1,6,1,1,0,10,0,0,2,2,7,7,0,2,2,4,7,3,0,0
1434,4,2,7,1,4,1,0,1,2,1,0,3,3,5,7,0,2,1,0,7,4,6,1
1435,4,2,7,1,3,1,0,1,2,1,0,2,3,7,7,0,2,1,0,7,4,6,1
1436,4,3,0,1,4,1,0,1,2,1,0,3,3,7,5,0,2,1,0,7,4,1,1
1437,0,3,0,1,6,0,0,0,1,0,0,3,3,4,4,0,0,1,4,5,1,1,0
1438,4,3,8,1,6,1,1,0,10,0,0,3,3,7,7,0,2,2,4,7,2,0,0
1439,0,3,0,1,6,0,0,0,11,0,0,3,3,4,4,0,1,1,4,5,1,1,0
1440,3,2,3,0,6,1,0,0,10,0,1,3,3,7,7,0,2,2,4,7,5,3,1
1441,4,2,7,1,5,0,0,0,10,0,2,2,1,2,2,0,2,0,3,7,1,6,1
1442,2,2,7,1,3,1,0,1,2,1,0,3,3,7,5,0,2,1,0,7,4,6,1
1443,4,2,0,1,4,1,0,1,2,1,0,2,3,5,7,0,2,1,0,7,4,3,1
1444,4,3,0,1,6,0,0,0,11,0,0,3,3,4,4,0,1,1,4,8,4,1,0
1445,4,3,0,1,6,0,0,0,1,0,0,3,3,4,4,0,1,1,4,5,1,1,0
1446,2,2,2,0,6,1,0,0,10,0,1,3,3,7,7,0,2,2,4,7,4,3,1
1447,4,3,7,1,8,1,0,1,2,1,0,2,3,7,5,0,2,1,0,7,4,1,1
1448,4,2,0,1,3,1,0,1,2,1,0,3,2,5,5,0,2,1,0,7,4,1,1
1449,4,3,7,1,8,1,0,1,2,1,0,3,3,5,7,0,2,1,0,7,4,1,1
1450,4,2,0,1,3,1,0,1,2,1,0,3,2,7,5,0,2,1,0,7,4,6,1
1451,4,2,7,1,4,1,0,1,2,1,0,2,3,7,5,0,2,1,0,7,4,3,1
1452,3,3,2,0,6,1,0,0,10,0,1,3,3,7,7,0,2,2,4,7,4,3,1
1453,2,3,0,1,6,0,0,0,6,0,0,3,3,4,4,0,0,1,4,1,1,1,0
1454,0,0,8,1,6,1,1,0,10,0,0,3,2,7,7,0,2,2,4,7,2,0,0
1455,4,0,3,1,6,1,1,0,4,0,0,3,2,7,7,0,2,2,4,7,3,0,0
1456,3,3,0,1,6,0,0,0,11,0,0,3,3,4,4,0,1,1,4,5,1,1,0
1457,4,3,0,1,6,0,0,0,1,0,0,3,3,4,4,0,0,1,4,5,1,1,0
1458,4,0,8,1,6,1,1,0,4,0,0,3,3,7,7,0,2,2,4,7,2,0,0
1459,4,2,7,1,4,1,0,1,2,1,0,2,3,7,5,0,2,1,0,7,4,1,1
1460,0,0,8,1,6,1,1,0,4,0,0,2,2,7,7,0,2,2,4,7,3,0,0
1461,4,2,0,1,3,1,0,1,2,1,0,3,3,7,5,0,2,1,0,7,4,3,1
1462,4,2,7,1,3,1,0,1,2,1,0,2,2,7,5,0,2,1,0,7,4,6,1
1463,4,2,0,1,4,1,0,1,2,1,0,3,2,7,5,0,2,1,0,7,4,6,1
1464,2,3,0,1,6,0,0,0,6,0,0,3,3,4,4,0,0,1,4,8,4,1,0
1465,2,2,0,0,6,1,0,0,10,0,1,3,3,7,7,0,2,2,4,7,5,3,1
1466,0,3,8,1,6,1,1,0,7,0,0,3,2,7,7,0,2,2,4,7,2,0,0
1467,3,2,0,1,4,1,0,1,2,1,0,2,3,7,5,0,2,1,0,7,4,6,1
1468,4,3,0,1,4,1,0,1,2,1,0,3,2,5,7,0,2,1,0,7,4,1,1
1469,4,3,7,1,3,1,0,1,2,1,0,3,2,5,7,0,2,1,0,7,4,3,1
1470,2,3,0,1,6,0,0,0,6,0,0,3,3,4,4,0,0,1,4,8,1,1,0
1471,2,3,0,1,6,0,0,0,11,0,0,3,3,4,4,0,0,1,4,1,4,1,0
1472,0,3,8,1,6,1,1,0,10,0,0,3,3,7,7,0,2,2,4,7,3,0,0
1473,2,2,7,1,4,1,0,1,2,1,0,3,3,5,5,0,2,1,0,7,4,3,1
1474,0,0,8,1,6,1,1,0,10,0,0,2,3,7,7,0,2,2,4,7,3,0,0
1475,0,0,8,1,6,1,1,0,4,0,0,3,2,7,7,0,2,2,4,7,2,0,0
1476,0,0,8,1,6,1,1,0,4,0,0,2,3,7,7,0,2,2,4,7,2,0,0
1477,4,3,0,1,6,0,0,0,6,0,0,3,3,4,4,0,1,1,4,5,4,1,0
1478,4,2,7,1,8,1,0,1,2,1,0,3,2,5,7,0,2,1,0,7,4,3,1
1479,4,3,0,1,6,0,0,0,11,0,0,3,3,4,4,0,0,1,4,5,4,1,0
1480,4,3,7,1,4,1,0,1,2,1,0,2,3,7,7,0,2,1,0,7,4,6,1
1481,4,2,2,1,5,0,0,0,11,0,2,2,1,2,2,0,2,0,3,7,1,6,1
1482,4,3,0,1,3,1,0,1,2,1,0,3,3,5,5,0,2,1,0,7,4,6,1
1483,2,3,3,1,6,1,1,0,4,0,0,3,2,7,7,0,2,2,4,7,2,0,0
1484,3,3,0,1,6,1,0,0,10,0,1,1,1,0,0,0,2,2,4,7,5,6,1
1485,4,3,0,1,6,0,0,0,11,0,0,3,3,4,4,0,0,1,4,8,1,1,0
1486,0,2,0,1,6,1,0,0,10,0,1,1,1,0,0,0,2,2,4,7,5,3,1
1487,2,3,0,1,4,1,0,1,2,1,0,2,2,5,5,0,2,1,0,7,4,1,1
1488,0,3,0,1,6,0,0,0,6,0,0,3,3,4,4,0,1,1,4,2,1,1,0
1489,3,3,0,1,3,1,0,1,2,1,0,2,2,7,7,0,2,1,0,7,4,3,1
1490,4,2,0,1,4,1,0,1,2,1,0,2,3,5,5,0,2,1,0,7,4,3,1
1491,4,3,3,1,6,1,1,0,10,0,0,2,3,7,7,0,2,2,4,7,2,0,0
1492,4,2,0,1,4,1,0,1,2,1,0,3,2,7,7,0,2,1,0,7,4,1,1
1493,4,0,3,1,6,1,1,0,4,0,0,2,3,7,7,0,2,2,4,7,3,0,0
1494,2,3,0,1,6,0,0,0,11,0,0,3,3,4,4,0,0,1,4,5,1,1,0
1495,4,3,7,1,3,1,0,1,2,1,0,3,2,7,7,0,2,1,0,7,4,3,1
1496,3,3,0,1,6,0,0,0,6,0,0,3,3,4,4,0,0,1,4,8,4,1,0
1497,4,3,0,1,3,1,0,1,2,1,0,2,2,5,5,0,2,1,0,7,4,1,1
1498,4,2,0,1,8,1,0,1,2,1,0,3,3,5,5,0,2,1,0,7,4,3,1
1499,4,3,0,1,6,0,0,0,1,0,0,3,3,4,4,0,0,1,4,1,4,1,0
1500,0,3,0,1,6,0,0,0,1,0,0,3,3,4,4,0,1,1,4,1,1,1,0
1501,2,2,0,1,6,1,0,0,10,0,1,1,1,0,0,0,2,2,4,7,5,3,1
1502,2,3,8,1,6,1,1,0,10,0,0,2,3,7,7,0,2,2,4,7,3,0,0
1503,3,3,0,1,6,0,0,0,1,0,0,3,3,4,4,0,0,1,4,5,4,1,0
1504,3,3,0,1,4,1,0,1,2,1,0,3,2,7,5,0,2,1,0,7,4,3,1
1505,2,2,7,1,8,1,0,1,2,1,0,3,3,7,5,0,2,1,0,7,4,6,1
1506,4,2,7,1,3,1,0,1,2,1,0,3,2,7,5,0,2,1,0,7,4,3,1
1507,4,3,7,1,4,1,0,1,2,1,0,3,2,5,7,0,2,1,0,7,4,6,1
1508,4,3,7,1,4,1,0,1,2,1,0,2,2,5,7,0,2,1,0,7,4,3,1
1509,0,3,0,1,6,0,0,0,6,0,0,3,3,4,4,0,0,1,4,1,4,1,0
1510,2,3,0,1,6,0,0,0,11,0,0,3,3,4,4,0,0,1,4,8,4,1,0
1511,3,3,0,1,6,0,0,0,6,0,0,3,3,4,4,0,1,1,4,8,4,1,0
1512,4,3,0,1,8,1,0,1,2,1,0,3,3,7,7,0,2,1,0,7,4,1,1
1513,0,3,0,1,6,0,0,0,1,0,0,3,3,4,4,0,1,1,4,2,4,1,0
1514,4,3,3,1,6,1,1,0,10,0,0,3,3,7,7,0,2,2,4,7,3,0,0
1515,4,0,8,1,6,1,1,0,7,0,0,2,2,7,7,0,2,2,4,7,3,0,0
1516,4,3,7,1,8,1,0,1,2,1,0,2,3,5,5,0,2,1,0,7,4,3,1
1517,0,0,8,1,6,1,1,0,4,0,0,2,2,7,7,0,2,2,4,7,2,0,0
1518,2,3,8,1,6,1,1,0,10,0,0,3,2,7,7,0,2,2,4,7,3,0,0
1519,0,0,8,1,6,1,1,0,7,0,0,3,2,7,7,0,2,2,4,7,3,0,0
1520,4,2,0,1,3,1,0,1,2,1,0,3,3,5,5,0,2,1,0,7,4,6,1
1521,3,3,0,1,3,1,0,1,2,1,0,2,3,5,7,0,2,1,0,7,4,1,1
1522,3,2,7,1,3,1,0,1,2,1,0,2,2,5,5,0,2,1,0,7,4,3,1
1523,4,3,7,1,3,1,0,1,2,1,0,3,2,7,5,0,2,1,0,7,4,3,1
1524,4,2,0,1,4,1,0,1,2,1,0,2,3,5,5,0,2,1,0,7,4,6,1
1525,2,3,0,1,6,0,0,0,11,0,0,3,3,4,4,0,0,1,4,8,1,1,0
1526,3,3,0,1,6,0,0,0,11,0,0,3,3,4,4,0,0,1,4,1,4,1,0
1527,4,2,0,1,4,1,0,1,2,1,0,2,3,5,5,0,2,1,0,7,4,1,1
1528,4,3,0,1,4,1,0,1,2,1,0,3,3,5,7,0,2,1,0,7,4,1,1
1529,2,0,3,1,6,1,1,0,4,0,0,3,3,7,7,0,2,2,4,7,2,0,0
1530,4,3,8,1,6,1,1,0,10,0,0,3,2,7,7,0,2,2,4,7,3,0,0
1531,4,2,7,1,4,1,0,1,2,1,0,3,2,5,5,0,2,1,0,7,4,3,1
1532,2,3,0,1,4,1,0,1,2,1,0,3,3,7,7,0,2,1,0,7,4,6,1
1533,4,2,0,1,4,1,0,1,2,1,0,3,3,5,7,0,2,1,0,7,4,1,1
1534,4,3,0,1,6,0,0,0,1,0,0,3,3,4,4,0,1,1,4,2,1,1,0
1535,0,0,8,1,6,1,1,0,7,0,0,2,3,7,7,0,2,2,4,7,2,0,0
1536,4,3,0,1,6,0,0,0,1,0,0,3,3,4,4,0,0,1,4,2,4,1,0
1537,4,2,7,1,3,1,0,1,2,1,0,2,2,5,7,0,2,1,0,7,4,6,1
1538,2,2,3,0,6,1,0,0,10,0,1,3,3,7,7,0,2,2,4,7,5,3,1
1539,4,3,7,1,4,1,0,1,2,1,0,3,2,7,7,0,2,1,0,7,4,1,1
1540,0,3,0,1,6,0,0,0,1,0,0,3,3,4,4,0,1,1,4,8,4,1,0
1541,4,2,7,1,3,1,0,1,2,1,0,2,3,5,7,0,2,1,0,7,4,3,1
1542,2,3,0,1,6,0,0,0,11,0,0,3,3,4,4,0,1,1,4,2,1,1,0
1543,3,3,0,1,6,0,0,0,1,0,0,3,3,4,4,0,0,1,4,2,4,1,0
1544,3,3,0,1,6,0,0,0,1,0,0,3,3,4,4,0,0,1,4,8,1,1,0
1545,4,2,7,1,3,1,0,1,2,1,0,2,3,7,5,0,2,1,0,7,4,3,1
1546,0,0,3,1,6,1,1,0,4,0,0,2,3,7,7,0,2,2,4,7,2,0,0
1547,4,3,7,1,3,1,0,1,2,1,0,3,2,5,7,0,2,1,0,7,4,6,1
1548,4,3,0,1,3,1,0,1,2,1,0,3,2,7,5,0,2,1,0,7,4,6,1
1549,4,2,0,1,4,1,0,1,2,1,0,2,3,7,7,0,2,1,0,7,4,1,1
1550,4,3,0,1,8,1,0,1,2,1,0,3,2,7,5,0,2,1,0,7,4,6,1
1551,2,0,8,1,6,1,1,0,10,0,0,3,2,7,7,0,2,2,4,7,3,0,0
1552,3,3,0,1,6,0,0,0,11,0,0,3,3,4,4,0,0,1,4,5,4,1,0
1553,4,2,0,1,4,1,0,1,2,1,0,2,2,7,5,0,2,1,0,7,4,6,1
1554,2,3,0,1,6,0,0,0,1,0,0,3,3,4,4,0,0,1,4,1,4,1,0
1555,0,0,3,1,6,1,1,0,10,0,0,2,3,7,7,0,2,2,4,7,2,0,0
1556,0,3,0,1,6,0,0,0,6,0,0,3,3,4,4,0,1,1,4,8,4,1,0
1557,2,3,0,1,6,0,0,0,6,0,0,3,3,4,4,0,0,1,4,5,4,1,0
1558,4,3,7,1,8,1,0,1,2,1,0,3,2,7,5,0,2,1,0,7,4,1,1
1559,4,3,0,1,4,1,0,1,2,1,0,3,3,7,5,0,2,1,0,7,4,3,1
1560,4,3,0,1,8,1,0,1,2,1,0,2,3,5,5,0,2,1,0,7,4,6,1
1561,4,3,0,1,8,1,0,1,2,1,0,2,2,5,5,0,2,1,0,7,4,3,1
1562,4,2,0,1,3,1,0,1,2,1,0,3,2,5,7,0,2,1,0,7,4,1,1
1563,4,0,8,1,6,1,1,0,10,0,0,2,3,7,7,0,2,2,4,7,3,0,0
1564,4,2,7,1,4,1,0,1,2,1,0,3,3,5,5,0,2,1,0,7,4,1,1
1565,4,3,0,1,6,0,0,0,11,0,0,3,3,4,4,0,1,1,4,2,4,1,0
1566,4,3,7,1,4,1,0,1,2,1,0,2,2,7,7,0,2,1,0,7,4,3,1
1567,0,3,0,1,6,0,0,0,1,0,0,3,3,4,4,0,1,1,4,2,1,1,0
1568,3,3,0,1,6,0,0,0,6,0,0,3,3,4,4,0,1,1,4,2,1,1,0
1569,4,3,0,1,6,0,0,0,1,0,0,3,3,4,4,0,0,1,4,1,1,1,0
1570,4,2,7,1,8,1,0,1,2,1,0,2,2,7,7,0,2,1,0,7,4,1,1
1571,4,3,0,1,6,0,0,0,1,0,0,3,3,4,4,0,1,1,4,8,4,1,0
1572,4,2,7,1,4,1,0,1,2,1,0,2,2,7,7,0,2,1,0,7,4,3,1
1573,4,3,0,1,6,0,0,0,1,0,0,3,3,4,4,0,0,1,4,8,4,1,0
1574,0,0,3,1,6,1,1,0,10,0,0,2,2,7,7,0,2,2,4,7,2,0,0
1575,3,3,0,1,6,0,0,0,6,0,0,3,3,4,4,0,1,1,4,5,1,1,0
1576,0,3,0,1,6,0,0,0,6,0,0,3,3,4,4,0,0,1,4,8,1,1,0
1577,3,3,0,1,6,0,0,0,6,0,0,3,3,4,4,0,0,1,4,5,4,1,0
1578,0,0,3,1,6,1,1,0,4,0,0,3,3,7,7,0,2,2,4,7,3,0,0
1579,4,2,7,1,4,1,0,1,2,1,0,3,3,7,7,0,2,1,0,7,4,1,1
1580,4,3,0,1,8,1,0,1,2,1,0,3,2,5,7,0,2,1,0,7,4,6,1
1581,4,2,0,1,4,1,0,1,2,1,0,2,3,7,7,0,2,1,0,7,4,3,1
1582,4,3,7,1,8,1,0,1,2,1,0,2,2,5,5,0,2,1,0,7,4,3,1
1583,4,2,0,1,3,1,0,1,2,1,0,3,3,7,7,0,2,1,0,7,4,1,1
1584,0,0,3,1,6,1,1,0,7,0,0,2,2,7,7,0,2,2,4,7,3,0,0
1585,4,0,8,1,6,1,1,0,4,0,0,3,2,7,7,0,2,2,4,7,3,0,0
1586,4,3,0,1,6,0,0,0,1,0,0,3,3,4,4,0,0,1,4,5,4,1,0
1587,2,3,7,1,4,1,0,1,2,1,0,2,3,7,5,0,2,1,0,7,4,3,1
1588,4,3,0,1,6,0,0,0,1,0,0,3,3,4,4,0,1,1,4,1,4,1,0
1589,4,2,7,1,4,1,0,1,2,1,0,2,2,7,5,0,2,1,0,7,4,6,1
1590,4,3,0,1,4,1,0,1,2,1,0,2,3,5,5,0,2,1,0,7,4,6,1
1591,4,2,7,1,4,1,0,1,2,1,0,3,2,7,7,0,2,1,0,7,4,3,1
1592,4,2,7,1,3,1,0,1,2,1,0,3,3,5,5,0,2,1,0,7,4,3,1
1593,2,3,0,1,3,1,0,1,2,1,0,2,2,7,7,0,2,1,0,7,4,6,1
1594,0,3,3,1,6,1,1,0,4,0,0,2,3,7,7,0,2,2,4,7,2,0,0
1595,2,2,2,1,5,1,0,0,11,0,2,2,1,2,2,0,2,0,3,7,1,6,1
1596,4,0,8,1,6,1,1,0,10,0,0,2,3,7,7,0,2,2,4,7,2,0,0
1597,4,2,0,1,8,1,0,1,2,1,0,2,2,5,5,0,2,1,0,7,4,1,1
1598,4,3,7,1,3,1,0,1,2,1,0,2,2,7,5,0,2,1,0,7,4,6,1
1599,4,0,8,1,6,1,1,0,10,0,0,2,2,7,7,0,2,2,4,7,3,0,0
1600,3,3,0,1,6,0,0,0,6,0,0,3,3,4,4,0,0,1,4,2,4,1,0
1601,4,3,7,1,8,1,0,1,2,1,0,3,3,5,7,0,2,1,0,7,4,3,1
1602,2,3,0,1,6,0,0,0,11,0,0,3,3,4,4,0,0,1,4,1,1,1,0
1603,4,3,0,1,6,0,0,0,11,0,0,3,3,4,4,0,0,1,4,5,1,1,0
1604,4,3,0,1,6,0,0,0,11,0,0,3,3,4,4,0,1,1,4,1,4,1,0
1605,4,3,0,1,6,0,0,0,11,0,0,3,3,4,4,0,0,1,4,8,4,1,0
1606,4,3,0,1,6,0,0,0,6,0,0,3,3,4,4,0,1,1,4,1,4,1,0
1607,2,3,0,1,6,0,0,0,11,0,0,3,3,4,4,0,1,1,4,1,1,1,0
1608,4,2,7,1,3,1,0,1,2,1,0,2,3,5,7,0,2,1,0,7,4,1,1
1609,0,3,8,1,6,1,1,0,10,0,0,3,3,7,7,0,2,2,4,7,2,0,0
1610,2,3,0,1,6,0,0,0,6,0,0,3,3,4,4,0,1,1,4,1,4,1,0
1611,4,3,8,1,6,1,1,0,7,0,0,3,3,7,7,0,2,2,4,7,2,0,0
1612,4,3,0,1,6,0,0,0,6,0,0,3,3,4,4,0,0,1,4,2,4,1,0
1613,4,2,7,1,3,1,0,1,2,1,0,2,2,5,5,0,2,1,0,7,4,6,1
1614,3,2,2,1,5,0,0,0,11,0,2,2,1,2,2,0,2,0,3,7,1,6,1
1615,2,3,0,1,6,0,0,0,11,0,0,3,3,4,4,0,1,1,4,5,4,1,0
1616,4,2,0,1,8,1,0,1,2,1,0,3,2,5,7,0,2,1,0,7,4,1,1
1617,4,3,7,1,3,1,0,1,2,1,0,2,3,5,7,0,2,1,0,7,4,6,1
1618,4,2,0,1,4,1,0,1,2,1,0,2,3,5,7,0,2,1,0,7,4,6,1
1619,4,3,0,1,6,0,0,0,11,0,0,3,3,4,4,0,1,1,4,2,1,1,0
1620,2,3,0,1,6,0,0,0,11,0,0,3,3,4,4,0,0,1,4,2,4,1,0
1621,3,3,0,1,6,0,0,0,1,0,0,3,3,4,4,0,1,1,4,2,1,1,0
1622,4,2,0,1,3,1,0,1,2,1,0,3,2,7,7,0,2,1,0,7,4,1,1
1623,2,3,0,1,6,0,0,0,11,0,0,3,3,4,4,0,1,1,4,5,1,1,0
